community_id,filename,building_ratio,is_building_likely
655921,655921_00.jpg,0.0,0
655921,655921_01.jpg,0.05530532525510204,0
655921,655921_02.jpg,0.012834821428571428,0
846471,846471_00.jpg,0.1356624681122449,1
846471,846471_01.jpg,0.0771484375,0
846471,846471_02.jpg,0.32754703443877553,1
1004145,1004145_00.jpg,0.2137874681122449,1
1004145,1004145_01.jpg,0.18682238520408162,1
1004145,1004145_02.jpg,0.15060985331632654,1
231663,231663_00.jpg,0.016900510204081634,0
231663,231663_01.jpg,0.06897720025510204,0
231663,231663_02.jpg,0.0,0
846143,846143_00.jpg,0.014787946428571428,0
846143,846143_01.jpg,0.05279416454081633,0
846143,846143_02.jpg,0.018534757653061226,0
302315,302315_00.jpg,0.17183514030612246,1
302315,302315_01.jpg,0.2676578443877551,1
302315,302315_02.jpg,0.16541772959183673,1
1285689,1285689_00.jpg,0.30482700892857145,1
846654,846654_00.jpg,0.2100207270408163,1
846654,846654_01.jpg,0.2805325255102041,1
846654,846654_02.jpg,0.07220583545918367,0
485160,485160_00.jpg,0.2352718431122449,1
485160,485160_01.jpg,0.3016780931122449,1
485160,485160_02.jpg,0.2896006058673469,1
492068,492068_00.jpg,0.008808992346938776,0
492068,492068_01.jpg,0.02596859056122449,0
492068,492068_02.jpg,0.07114955357142858,0
513050,513050_00.jpg,0.013831313775510204,0
513050,513050_01.jpg,0.08575813137755102,1
513050,513050_02.jpg,0.18299585459183673,1
1000647,1000647_00.jpg,0.16651387117346939,1
1000647,1000647_01.jpg,0.19650829081632654,1
1000647,1000647_02.jpg,0.0,0
1390461,1390461_00.jpg,0.3705556441326531,1
1390461,1390461_01.jpg,0.2766661352040816,1
1390461,1390461_02.jpg,0.3419563137755102,1
846197,846197_00.jpg,0.10979352678571429,1
846197,846197_01.jpg,0.007114955357142857,0
846197,846197_02.jpg,0.12029655612244898,1
1064085,1064085_00.jpg,0.30482700892857145,1
233332,233332_00.jpg,0.011658960459183673,0
233332,233332_01.jpg,0.0033681441326530613,0
233332,233332_02.jpg,0.0,0
302131,302131_00.jpg,0.30482700892857145,1
221902,221902_00.jpg,0.32858338647959184,1
221902,221902_01.jpg,0.07840401785714286,0
221902,221902_02.jpg,0.007334183673469388,0
302884,302884_00.jpg,0.30482700892857145,1
228138,228138_00.jpg,0.12356505102040816,1
228138,228138_01.jpg,0.0664859693877551,0
228138,228138_02.jpg,0.0,0
238044,238044_00.jpg,0.0,0
238044,238044_01.jpg,0.0,0
238044,238044_02.jpg,0.0,0
301525,301525_00.jpg,0.2712452168367347,1
301525,301525_01.jpg,0.20517777423469388,1
301525,301525_02.jpg,0.14032605229591838,1
1466500,1466500_00.jpg,0.30482700892857145,1
1466492,1466492_00.jpg,0.30482700892857145,1
1466619,1466619_00.jpg,0.30482700892857145,1
1466775,1466775_00.jpg,0.1065250318877551,1
1466775,1466775_01.jpg,0.1390704719387755,1
1466775,1466775_02.jpg,0.0020129145408163264,0
1466480,1466480_00.jpg,0.30482700892857145,1
261840,261840_00.jpg,0.2740951849489796,1
261840,261840_01.jpg,0.12569754464285715,1
261840,261840_02.jpg,0.022301498724489797,0
243890,243890_00.jpg,0.23694595025510204,1
243890,243890_01.jpg,0.10803970025510204,1
243890,243890_02.jpg,0.2030452806122449,1
847610,847610_00.jpg,0.10516980229591837,1
847610,847610_01.jpg,0.21904894770408162,1
847610,847610_02.jpg,0.06072624362244898,0
223285,223285_00.jpg,0.2817482461734694,1
223285,223285_01.jpg,0.08183195153061225,1
223285,223285_02.jpg,0.11836336096938775,1
213773,213773_00.jpg,0.12697305484693877,1
213773,213773_01.jpg,0.18144132653061223,1
213773,213773_02.jpg,0.08314732142857142,1
213482,213482_00.jpg,0.02521125637755102,0
213482,213482_01.jpg,0.028200733418367346,0
213482,213482_02.jpg,0.11772560586734694,1
1291533,1291533_00.jpg,0.30482700892857145,1
1291534,1291534_00.jpg,0.30482700892857145,1
1291539,1291539_00.jpg,0.30482700892857145,1
1291540,1291540_00.jpg,0.30482700892857145,1
1291535,1291535_00.jpg,0.11674904336734694,1
1291535,1291535_01.jpg,0.3088926977040816,1
1291535,1291535_02.jpg,0.0,0
1498153,1498153_00.jpg,0.011559311224489796,0
1498153,1498153_01.jpg,0.0,0
1498153,1498153_02.jpg,0.10154257015306123,1
1397236,1397236_00.jpg,0.0480110012755102,0
1397236,1397236_01.jpg,0.0603874362244898,0
1397236,1397236_02.jpg,0.0023915816326530613,0
1397235,1397235_00.jpg,0.15587133290816327,1
1397235,1397235_01.jpg,0.020846619897959183,0
1397235,1397235_02.jpg,0.0,0
1397233,1397233_00.jpg,0.2069515306122449,1
1397233,1397233_01.jpg,0.0,0
1397233,1397233_02.jpg,0.02122528698979592,0
1401055,1401055_00.jpg,0.0,0
1401055,1401055_01.jpg,0.004623724489795918,0
1401055,1401055_02.jpg,0.041115274234693876,0
1405373,1405373_00.jpg,0.30482700892857145,1
1409410,1409410_00.jpg,0.30482700892857145,1
1409413,1409413_00.jpg,0.11702806122448979,1
1409413,1409413_01.jpg,0.1454280931122449,1
1409413,1409413_02.jpg,0.13157684948979592,1
1409776,1409776_00.jpg,0.30482700892857145,1
1053440,1053440_00.jpg,0.30482700892857145,1
1056668,1056668_00.jpg,0.018714126275510203,0
1056668,1056668_01.jpg,0.11493542729591837,1
1056668,1056668_02.jpg,0.0007573341836734694,0
1214576,1214576_00.jpg,0.30482700892857145,1
1214575,1214575_00.jpg,0.05863360969387755,0
1214575,1214575_01.jpg,0.23961654974489796,1
1214575,1214575_02.jpg,0.05020328443877551,0
1236243,1236243_00.jpg,0.1912468112244898,1
1383349,1383349_00.jpg,0.30482700892857145,1
1285693,1285693_00.jpg,0.0,0
1285693,1285693_01.jpg,0.03870376275510204,0
1285693,1285693_02.jpg,0.08514030612244898,1
1285692,1285692_00.jpg,0.08476163903061225,1
1285692,1285692_01.jpg,0.004444355867346939,0
1285692,1285692_02.jpg,0.024713010204081634,0
1288383,1288383_00.jpg,0.1861248405612245,1
1288383,1288383_01.jpg,0.039361447704081634,0
1288383,1288383_02.jpg,0.12228954081632654,1
1289284,1289284_00.jpg,0.30482700892857145,1
1289285,1289285_00.jpg,0.30482700892857145,1
1290778,1290778_00.jpg,0.02889827806122449,0
1290778,1290778_01.jpg,0.04205197704081633,0
1290778,1290778_02.jpg,0.07655054209183673,0
1294631,1294631_00.jpg,0.05586336096938776,0
1294631,1294631_01.jpg,0.042849170918367346,0
1294631,1294631_02.jpg,0.09845344387755102,1
1305073,1305073_00.jpg,0.0,0
1305073,1305073_01.jpg,0.041314572704081634,0
1305073,1305073_02.jpg,0.01620296556122449,0
847281,847281_00.jpg,0.03517617984693878,0
847281,847281_01.jpg,0.0986328125,1
847281,847281_02.jpg,0.0,0
847044,847044_00.jpg,0.08551897321428571,1
847044,847044_01.jpg,0.1561902104591837,1
847044,847044_02.jpg,0.13934948979591838,1
944918,944918_00.jpg,0.22887436224489796,1
944918,944918_01.jpg,0.30970982142857145,1
944918,944918_02.jpg,0.16167091836734693,1
952212,952212_00.jpg,0.10231983418367346,1
952212,952212_01.jpg,0.10963408801020408,1
952212,952212_02.jpg,0.23003029336734693,1
988162,988162_00.jpg,0.0,0
988162,988162_01.jpg,0.0,0
988162,988162_02.jpg,0.052654655612244895,0
1281119,1281119_00.jpg,0.30482700892857145,1
1214574,1214574_00.jpg,0.0020129145408163264,0
1214574,1214574_01.jpg,0.20617426658163265,1
1214574,1214574_02.jpg,0.1443718112244898,1
1236535,1236535_00.jpg,0.04107541454081633,0
1236535,1236535_01.jpg,0.016741071428571428,0
1236535,1236535_02.jpg,0.06686463647959184,0
1245649,1245649_00.jpg,0.15947863520408162,1
1245649,1245649_01.jpg,0.0,0
1245649,1245649_02.jpg,0.06612723214285714,0
1245661,1245661_00.jpg,0.0,0
1245661,1245661_01.jpg,0.07676977040816327,0
1245661,1245661_02.jpg,0.05795599489795918,0
1258448,1258448_00.jpg,0.10000797193877552,1
1258448,1258448_01.jpg,0.12432238520408163,1
1258448,1258448_02.jpg,0.17610012755102042,1
1258447,1258447_00.jpg,0.30482700892857145,1
1259058,1259058_00.jpg,0.20635363520408162,1
1259058,1259058_01.jpg,0.02379623724489796,0
1259058,1259058_02.jpg,0.3332469706632653,1
1260984,1260984_00.jpg,0.043865593112244895,0
1260984,1260984_01.jpg,0.0005779655612244898,0
1260984,1260984_02.jpg,0.1460857780612245,1
540815,540815_00.jpg,0.18959263392857142,1
540815,540815_01.jpg,0.20252710459183673,1
540815,540815_02.jpg,0.14170121173469388,1
1058673,1058673_00.jpg,0.07599250637755102,0
1058673,1058673_01.jpg,0.06987404336734694,0
1058673,1058673_02.jpg,0.17297114158163265,1
988240,988240_00.jpg,0.2520727040816326,1
988240,988240_01.jpg,0.1407844387755102,1
988240,988240_02.jpg,0.08450255102040816,1
988174,988174_00.jpg,0.0,0
988174,988174_01.jpg,0.0,0
988174,988174_02.jpg,0.002331792091836735,0
988214,988214_00.jpg,0.252132493622449,1
988214,988214_01.jpg,0.09410873724489796,1
988214,988214_02.jpg,0.04615752551020408,0
988213,988213_00.jpg,0.01136001275510204,0
988213,988213_01.jpg,0.0,0
988213,988213_02.jpg,0.0,0
988207,988207_00.jpg,0.3963647959183674,1
988207,988207_01.jpg,0.28968032525510207,1
988207,988207_02.jpg,0.0,0
1000681,1000681_00.jpg,0.0,0
1000681,1000681_01.jpg,0.03912228954081633,0
1000681,1000681_02.jpg,0.07085060586734694,0
1000697,1000697_00.jpg,0.03587372448979592,0
1000697,1000697_01.jpg,0.011519451530612245,0
1000697,1000697_02.jpg,0.015923947704081634,0
1001462,1001462_00.jpg,0.025091677295918366,0
1001462,1001462_01.jpg,0.014668367346938776,0
1001462,1001462_02.jpg,0.08404416454081633,1
364312,364312_00.jpg,0.08244977678571429,1
364312,364312_01.jpg,0.06313775510204081,0
364312,364312_02.jpg,0.011340082908163265,0
847714,847714_00.jpg,0.19583067602040816,1
847714,847714_01.jpg,0.06564891581632654,0
847714,847714_02.jpg,0.08037707270408163,1
846503,846503_00.jpg,0.0205078125,0
846503,846503_01.jpg,0.11517458545918367,1
846503,846503_02.jpg,0.12129304846938775,1
239927,239927_00.jpg,0.05072146045918367,0
239927,239927_01.jpg,0.0,0
239927,239927_02.jpg,0.0,0
299417,299417_00.jpg,0.014229910714285714,0
299417,299417_01.jpg,0.0664859693877551,0
299417,299417_02.jpg,0.026606345663265307,0
300073,300073_00.jpg,0.12222975127551021,1
300073,300073_01.jpg,0.005221619897959184,0
300073,300073_02.jpg,0.0,0
306545,306545_00.jpg,0.19413663903061223,1
306545,306545_01.jpg,0.07724808673469388,0
306545,306545_02.jpg,0.05233577806122449,0
213262,213262_00.jpg,0.15949856505102042,1
213262,213262_01.jpg,0.20358338647959184,1
213262,213262_02.jpg,0.07944036989795919,0
289547,289547_00.jpg,0.0,0
289547,289547_01.jpg,0.029815051020408163,0
289547,289547_02.jpg,0.0,0
847323,847323_00.jpg,0.010363520408163265,0
847323,847323_01.jpg,0.029436383928571428,0
847323,847323_02.jpg,0.0,0
445603,445603_00.jpg,0.0012356505102040817,0
445603,445603_01.jpg,0.0,0
445603,445603_02.jpg,0.0,0
847007,847007_00.jpg,0.13243383290816327,1
847007,847007_01.jpg,0.03280452806122449,0
847007,847007_02.jpg,0.0005978954081632653,0
847370,847370_00.jpg,0.0,0
847370,847370_01.jpg,0.0,0
847370,847370_02.jpg,0.0,0
239935,239935_00.jpg,0.0,0
239935,239935_01.jpg,0.18333466198979592,1
239935,239935_02.jpg,0.0,0
287415,287415_00.jpg,0.0330436862244898,0
287415,287415_01.jpg,0.0,0
287415,287415_02.jpg,0.0,0
846019,846019_00.jpg,0.0,0
846019,846019_01.jpg,0.19292091836734693,1
846019,846019_02.jpg,0.0,0
846387,846387_00.jpg,0.0,0
846387,846387_01.jpg,0.006796077806122449,0
846387,846387_02.jpg,0.011439732142857142,0
266502,266502_00.jpg,0.0,0
266502,266502_01.jpg,0.0,0
266502,266502_02.jpg,0.03744818239795918,0
846068,846068_00.jpg,0.06232063137755102,0
846068,846068_01.jpg,0.10307716836734694,1
846068,846068_02.jpg,0.042071906887755105,0
846423,846423_00.jpg,0.01943160076530612,0
846423,846423_01.jpg,0.05486686862244898,0
846423,846423_02.jpg,0.0,0
847330,847330_00.jpg,0.14923469387755103,1
847330,847330_01.jpg,0.05701929209183673,0
847330,847330_02.jpg,0.04338727678571429,0
846493,846493_00.jpg,0.11212531887755102,1
846493,846493_01.jpg,0.05980947066326531,0
846493,846493_02.jpg,0.12663424744897958,1
292688,292688_00.jpg,0.0,0
292688,292688_01.jpg,0.1673309948979592,1
292688,292688_02.jpg,0.12677375637755103,1
846181,846181_00.jpg,0.0,0
846181,846181_01.jpg,0.0,0
846181,846181_02.jpg,0.0262874681122449,0
846500,846500_00.jpg,0.0,0
846500,846500_01.jpg,0.07690927933673469,0
846500,846500_02.jpg,0.05520567602040816,0
847435,847435_00.jpg,0.43345424107142855,1
847435,847435_01.jpg,0.4030213647959184,1
847435,847435_02.jpg,0.0,0
286482,286482_00.jpg,0.0,0
286482,286482_01.jpg,0.10168207908163265,1
286482,286482_02.jpg,0.04729352678571429,0
846258,846258_00.jpg,0.0,0
846258,846258_01.jpg,0.0027901785714285715,0
846258,846258_02.jpg,0.05881297831632653,0
239884,239884_00.jpg,0.3263313137755102,1
239884,239884_01.jpg,0.1708187181122449,1
239884,239884_02.jpg,0.02814094387755102,0
286700,286700_00.jpg,0.018116230867346938,0
286700,286700_01.jpg,0.0,0
286700,286700_02.jpg,0.0,0
846061,846061_00.jpg,0.0623405612244898,0
846061,846061_01.jpg,0.0,0
846061,846061_02.jpg,0.0,0
318310,318310_00.jpg,0.0,0
318310,318310_01.jpg,0.0,0
318310,318310_02.jpg,0.0,0
289453,289453_00.jpg,0.0,0
289453,289453_01.jpg,0.1341876594387755,1
289453,289453_02.jpg,0.0,0
846215,846215_00.jpg,0.0,0
846215,846215_01.jpg,0.07653061224489796,0
846215,846215_02.jpg,0.058274872448979595,0
847682,847682_00.jpg,0.30482700892857145,1
213189,213189_00.jpg,0.0,0
213189,213189_01.jpg,0.0,0
213189,213189_02.jpg,0.0,0
291979,291979_00.jpg,0.13628029336734693,1
291979,291979_01.jpg,0.0,0
291979,291979_02.jpg,0.0,0
247902,247902_00.jpg,0.20302535076530612,1
247902,247902_01.jpg,0.12458147321428571,1
247902,247902_02.jpg,0.0,0
349533,349533_00.jpg,0.24657206632653061,1
349533,349533_01.jpg,0.1514269770408163,1
349533,349533_02.jpg,0.02560985331632653,0
266366,266366_00.jpg,0.24230707908163265,1
266366,266366_01.jpg,0.00027901785714285713,0
266366,266366_02.jpg,0.0,0
246757,246757_00.jpg,0.1683673469387755,1
246757,246757_01.jpg,0.19884008290816327,1
246757,246757_02.jpg,0.0,0
247900,247900_00.jpg,0.0341796875,0
247900,247900_01.jpg,0.0891860650510204,1
247900,247900_02.jpg,0.037109375,0
846697,846697_00.jpg,0.0,0
846697,846697_01.jpg,0.0,0
846697,846697_02.jpg,0.060865752551020405,0
358472,358472_00.jpg,0.08107461734693877,1
358472,358472_01.jpg,0.02564971301020408,0
358472,358472_02.jpg,0.02206234056122449,0
316400,316400_00.jpg,0.02919722576530612,0
316400,316400_01.jpg,0.0,0
316400,316400_02.jpg,0.03286431760204082,0
846737,846737_00.jpg,0.032346141581632654,0
846737,846737_01.jpg,0.05486686862244898,0
846737,846737_02.jpg,0.1314971301020408,1
241085,241085_00.jpg,0.0037667410714285715,0
241085,241085_01.jpg,0.0,0
241085,241085_02.jpg,0.13659917091836735,1
225019,225019_00.jpg,0.0,0
225019,225019_01.jpg,0.0,0
225019,225019_02.jpg,0.002690529336734694,0
540689,540689_00.jpg,0.1796875,1
540689,540689_01.jpg,0.05853396045918367,0
540689,540689_02.jpg,0.04585857780612245,0
366776,366776_00.jpg,0.022999043367346938,0
366776,366776_01.jpg,0.015764508928571428,0
366776,366776_02.jpg,0.06251992984693877,0
301751,301751_00.jpg,0.06279894770408163,0
301751,301751_01.jpg,0.16505899234693877,1
301751,301751_02.jpg,0.11822385204081633,1
301486,301486_00.jpg,0.0,0
301486,301486_01.jpg,0.0,0
301486,301486_02.jpg,0.0441047512755102,0
301255,301255_00.jpg,0.0027503188775510204,0
301255,301255_01.jpg,0.0,0
301255,301255_02.jpg,0.0,0
846426,846426_00.jpg,0.07894212372448979,0
846426,846426_01.jpg,0.13917012117346939,1
846426,846426_02.jpg,0.13400829081632654,1
317424,317424_00.jpg,0.03657126913265306,0
317424,317424_01.jpg,0.05139907525510204,0
317424,317424_02.jpg,0.057138871173469385,0
286232,286232_00.jpg,0.008011798469387755,0
286232,286232_01.jpg,0.01887356505102041,0
286232,286232_02.jpg,0.05213647959183673,0
847405,847405_00.jpg,0.17727598852040816,1
847405,847405_01.jpg,0.17598054846938777,1
847405,847405_02.jpg,0.04181281887755102,0
847446,847446_00.jpg,0.010901626275510204,0
847446,847446_01.jpg,0.01887356505102041,0
847446,847446_02.jpg,0.06224091198979592,0
847451,847451_00.jpg,0.04623724489795918,0
847451,847451_01.jpg,0.02724410076530612,0
847451,847451_02.jpg,0.054189253826530615,0
847145,847145_00.jpg,0.0,0
847145,847145_01.jpg,0.0024314413265306123,0
847145,847145_02.jpg,0.20764907525510204,1
307877,307877_00.jpg,0.0017139668367346938,0
307877,307877_01.jpg,0.0,0
307877,307877_02.jpg,0.0,0
315585,315585_00.jpg,0.0,0
315585,315585_01.jpg,0.08286830357142858,1
315585,315585_02.jpg,0.0,0
880091,880091_00.jpg,0.18508848852040816,1
880091,880091_01.jpg,0.12161192602040816,1
880091,880091_02.jpg,0.020089285714285716,0
816108,816108_00.jpg,0.05058195153061224,0
816108,816108_01.jpg,0.0,0
816108,816108_02.jpg,0.08914620535714286,1
802393,802393_00.jpg,0.311344068877551,1
802393,802393_01.jpg,0.04888791454081633,0
802393,802393_02.jpg,0.15118781887755103,1
880115,880115_00.jpg,0.07866310586734694,0
880115,880115_01.jpg,0.009646045918367346,0
880115,880115_02.jpg,0.05883290816326531,0
880114,880114_00.jpg,0.14889588647959184,1
880114,880114_01.jpg,0.05548469387755102,0
880114,880114_02.jpg,0.04840959821428571,0
914458,914458_00.jpg,0.11334103954081633,1
914458,914458_01.jpg,0.0,0
914458,914458_02.jpg,0.08450255102040816,1
302128,302128_00.jpg,0.026347257653061226,0
302128,302128_01.jpg,0.0,0
302128,302128_02.jpg,0.06560905612244898,0
301536,301536_00.jpg,0.07904177295918367,0
301536,301536_01.jpg,0.0,0
301536,301536_02.jpg,0.0,0
212596,212596_00.jpg,0.047731983418367346,0
212596,212596_01.jpg,0.10461176658163265,1
212596,212596_02.jpg,0.03125,0
846371,846371_00.jpg,0.0,0
846371,846371_01.jpg,0.08280851403061225,1
846371,846371_02.jpg,0.05038265306122449,0
847716,847716_00.jpg,0.10558832908163265,1
847716,847716_01.jpg,0.06040736607142857,0
847716,847716_02.jpg,0.017956792091836735,0
847700,847700_00.jpg,0.0,0
847700,847700_01.jpg,0.015784438775510203,0
847700,847700_02.jpg,0.0,0
302594,302594_00.jpg,0.02188297193877551,0
302594,302594_01.jpg,0.04819036989795918,0
302594,302594_02.jpg,0.11880181760204081,1
