community_id,filename,efficientnet_quality
1004145,1004145_00.jpg,8330.2958984375
1004145,1004145_01.jpg,114436.7578125
1004145,1004145_02.jpg,956.9928588867188
1004145,1004145_03.jpg,145382.59375
1004145,1004145_04.jpg,905.9498291015625
1004145,1004145_05.jpg,5619.59033203125
231663,231663_00.jpg,11308.8798828125
231663,231663_01.jpg,2406.079833984375
231663,231663_02.jpg,142193.21875
231663,231663_03.jpg,399088.1875
231663,231663_04.jpg,17038.373046875
231663,231663_05.jpg,4191.6044921875
846143,846143_00.jpg,1363.2987060546875
846143,846143_01.jpg,55421.55078125
846143,846143_02.jpg,94025.578125
846143,846143_03.jpg,1655.3990478515625
846143,846143_04.jpg,5315.1953125
846143,846143_05.jpg,233.61431884765625
233332,233332_00.jpg,39772.37109375
233332,233332_01.jpg,475.2406005859375
233332,233332_02.jpg,3512.617919921875
233332,233332_03.jpg,822.9071655273438
233332,233332_04.jpg,128469.3046875
233332,233332_05.jpg,10380.6435546875
221902,221902_00.jpg,7230.39208984375
221902,221902_01.jpg,57129.01171875
221902,221902_02.jpg,338.099853515625
221902,221902_03.jpg,3338.353271484375
221902,221902_04.jpg,114506.5859375
221902,221902_05.jpg,94550.5390625
228138,228138_00.jpg,8835.7353515625
228138,228138_01.jpg,3309.9150390625
228138,228138_02.jpg,297.29052734375
228138,228138_03.jpg,99530.6015625
228138,228138_04.jpg,158464.90625
228138,228138_05.jpg,106.2108154296875
301525,301525_00.jpg,-23384.275390625
301525,301525_01.jpg,1023.0631103515625
301525,301525_02.jpg,186339.125
301525,301525_03.jpg,18146.580078125
301525,301525_04.jpg,56162.66796875
301525,301525_05.jpg,1376.7227783203125
261840,261840_00.jpg,61839.4921875
261840,261840_01.jpg,331.1761474609375
261840,261840_02.jpg,6229.7255859375
261840,261840_03.jpg,30047.396484375
261840,261840_04.jpg,93860.6640625
261840,261840_05.jpg,153153.15625
213773,213773_00.jpg,139859.71875
213773,213773_01.jpg,158241.171875
213773,213773_02.jpg,-2210.544677734375
213773,213773_03.jpg,14300.8857421875
213773,213773_04.jpg,2719.574462890625
213773,213773_05.jpg,1707.6646728515625
213482,213482_00.jpg,-7.025332927703857
213482,213482_01.jpg,-401.9398498535156
213482,213482_02.jpg,105259.3671875
213482,213482_03.jpg,-3852.245361328125
213482,213482_04.jpg,13160.3583984375
213482,213482_05.jpg,79246.453125
1285692,1285692_00.jpg,66668.5078125
1285692,1285692_01.jpg,1994.685302734375
1285692,1285692_02.jpg,55.54071044921875
1285692,1285692_03.jpg,375.52105712890625
1285692,1285692_04.jpg,-306.08416748046875
1285692,1285692_05.jpg,361.5201110839844
988207,988207_00.jpg,167346.84375
988207,988207_01.jpg,113529.0
988207,988207_02.jpg,78.77427673339844
988207,988207_03.jpg,11586.8212890625
364312,364312_00.jpg,-1760.1322021484375
364312,364312_01.jpg,189.54998779296875
364312,364312_02.jpg,90405.9765625
364312,364312_03.jpg,1011.2421875
364312,364312_04.jpg,149786.3125
364312,364312_05.jpg,127888.8203125
847435,847435_00.jpg,111310.6640625
847435,847435_01.jpg,723.0006103515625
847435,847435_02.jpg,15907.4150390625
847435,847435_03.jpg,15634.9072265625
847435,847435_04.jpg,-205.8551025390625
847435,847435_05.jpg,-1006.8185424804688
366776,366776_00.jpg,2111.075927734375
366776,366776_01.jpg,29.320337295532227
366776,366776_02.jpg,2068.493896484375
366776,366776_03.jpg,501.8695068359375
366776,366776_04.jpg,117.2381591796875
366776,366776_05.jpg,83190.0234375
301751,301751_00.jpg,26256.01953125
301751,301751_01.jpg,101783.921875
301751,301751_02.jpg,14.6709623336792
301751,301751_03.jpg,12452.892578125
301751,301751_04.jpg,129534.796875
301751,301751_05.jpg,114630.640625
846426,846426_00.jpg,852.2410278320312
846426,846426_01.jpg,29025.154296875
846426,846426_02.jpg,408.9060974121094
846426,846426_03.jpg,206.7241973876953
846426,846426_04.jpg,-294.4732360839844
846426,846426_05.jpg,32330.744140625
317424,317424_00.jpg,738.215087890625
317424,317424_01.jpg,2256.425048828125
317424,317424_02.jpg,63326.203125
317424,317424_03.jpg,65273.69140625
317424,317424_04.jpg,59708.953125
317424,317424_05.jpg,4000.798583984375
286232,286232_00.jpg,1124.1951904296875
286232,286232_01.jpg,61272.29296875
286232,286232_02.jpg,32511.201171875
286232,286232_03.jpg,2508.511962890625
286232,286232_04.jpg,53916.66015625
286232,286232_05.jpg,38.94424819946289
847446,847446_00.jpg,45479.44921875
847446,847446_01.jpg,61097.99609375
847446,847446_02.jpg,44638.0078125
847446,847446_03.jpg,10168.1591796875
847446,847446_04.jpg,99389.0546875
847446,847446_05.jpg,215146.84375
847451,847451_00.jpg,46811.2890625
847451,847451_01.jpg,2854.00390625
847451,847451_02.jpg,600.3097534179688
847451,847451_03.jpg,20267.123046875
847451,847451_04.jpg,70216.7421875
847451,847451_05.jpg,141578.34375
802393,802393_00.jpg,80818.4296875
802393,802393_01.jpg,-1720.3275146484375
802393,802393_02.jpg,685.0299072265625
802393,802393_03.jpg,181.96160888671875
802393,802393_04.jpg,-2199.289794921875
802393,802393_05.jpg,1277.1844482421875
914458,914458_00.jpg,-376.2513427734375
914458,914458_01.jpg,5578.83154296875
914458,914458_02.jpg,138579.484375
914458,914458_03.jpg,-3268.330322265625
301536,301536_00.jpg,7162.34716796875
301536,301536_01.jpg,1746.48046875
301536,301536_02.jpg,-695.3175659179688
301536,301536_03.jpg,142779.09375
301536,301536_04.jpg,75875.7578125
301536,301536_05.jpg,591.072998046875
212596,212596_00.jpg,37049.70703125
212596,212596_01.jpg,58970.01171875
212596,212596_02.jpg,-384.1546630859375
212596,212596_03.jpg,83601.84375
212596,212596_04.jpg,159803.9375
212596,212596_05.jpg,144366.03125
846371,846371_00.jpg,25.89143943786621
846371,846371_01.jpg,11804.0830078125
846371,846371_02.jpg,25883.224609375
846371,846371_03.jpg,1038.7662353515625
846371,846371_04.jpg,1309.2816162109375
846371,846371_05.jpg,18964.564453125
847716,847716_00.jpg,598.8883056640625
847716,847716_01.jpg,2349.19921875
847716,847716_02.jpg,21361.166015625
847716,847716_03.jpg,91949.2890625
847716,847716_04.jpg,-3119.645751953125
847716,847716_05.jpg,98878.9296875
302594,302594_00.jpg,-767.0540771484375
302594,302594_01.jpg,38180.03515625
302594,302594_02.jpg,187523.078125
302594,302594_03.jpg,558.9779052734375
302594,302594_04.jpg,162155.53125
302594,302594_05.jpg,185347.28125
846871,846871_00.jpg,571.792724609375
846871,846871_01.jpg,13.79074478149414
846871,846871_02.jpg,1729.7069091796875
846871,846871_03.jpg,180930.75
846871,846871_04.jpg,118003.8515625
846871,846871_05.jpg,13703.970703125
846942,846942_00.jpg,4088.950439453125
846942,846942_01.jpg,49164.17578125
846942,846942_02.jpg,54081.05859375
846942,846942_03.jpg,43378.37109375
846942,846942_04.jpg,96069.609375
846942,846942_05.jpg,3172.075927734375
260136,260136_00.jpg,888.125244140625
260136,260136_01.jpg,96588.0078125
260136,260136_02.jpg,17484.798828125
260136,260136_03.jpg,45071.109375
260136,260136_04.jpg,127990.6328125
260136,260136_05.jpg,21943.22265625
212959,212959_00.jpg,542.4686279296875
212959,212959_01.jpg,99963.3515625
212959,212959_02.jpg,2126.12890625
212959,212959_03.jpg,848.2271728515625
212959,212959_04.jpg,63624.5859375
212959,212959_05.jpg,84456.6640625
847060,847060_00.jpg,653.826171875
847060,847060_01.jpg,1426.1783447265625
847060,847060_02.jpg,213.55172729492188
847060,847060_03.jpg,34382.56640625
847060,847060_04.jpg,174080.59375
847060,847060_05.jpg,152473.671875
880146,880146_00.jpg,17.253660202026367
880146,880146_01.jpg,278.13232421875
880146,880146_02.jpg,56.5528450012207
880146,880146_03.jpg,1003.188720703125
880146,880146_04.jpg,4075.302734375
880146,880146_05.jpg,22222.841796875
944920,944920_00.jpg,11156.3623046875
944920,944920_01.jpg,1633.593505859375
944920,944920_02.jpg,55919.84765625
944920,944920_03.jpg,4256.7529296875
944920,944920_04.jpg,-1208.159912109375
944920,944920_05.jpg,-68.95333862304688
1024007,1024007_00.jpg,9192.29296875
1004195,1004195_00.jpg,30058.55859375
1004195,1004195_01.jpg,1030.613525390625
1004195,1004195_02.jpg,214.00453186035156
1004195,1004195_03.jpg,29336.029296875
1004195,1004195_04.jpg,-2072.070068359375
1004195,1004195_05.jpg,9360.1357421875
1190756,1190756_00.jpg,1857.23583984375
1190756,1190756_01.jpg,-4.903759002685547
1190756,1190756_02.jpg,20466.8046875
1190756,1190756_03.jpg,149587.6875
1190756,1190756_04.jpg,205239.09375
1190756,1190756_05.jpg,192468.21875
1266917,1266917_00.jpg,77384.234375
1266917,1266917_01.jpg,27287.849609375
1266917,1266917_02.jpg,861.630615234375
1266917,1266917_03.jpg,28038.708984375
1266917,1266917_04.jpg,18166.7734375
1266917,1266917_05.jpg,74847.6640625
847237,847237_00.jpg,-1520.02587890625
847237,847237_01.jpg,11283.9130859375
847237,847237_02.jpg,259.02252197265625
847237,847237_03.jpg,85569.6171875
847237,847237_04.jpg,168413.40625
847237,847237_05.jpg,942.5867919921875
1297438,1297438_00.jpg,9192.29296875
1474653,1474653_00.jpg,9192.29296875
1499288,1499288_00.jpg,180.6170654296875
1499288,1499288_01.jpg,1098.322021484375
1499288,1499288_02.jpg,119229.4609375
1499288,1499288_03.jpg,171229.65625
1499288,1499288_04.jpg,-1271.3472900390625
1499288,1499288_05.jpg,3563.701904296875
1410834,1410834_00.jpg,9192.29296875
1439479,1439479_00.jpg,9192.29296875
1441912,1441912_00.jpg,9192.29296875
846230,846230_00.jpg,-859.0400390625
846230,846230_01.jpg,-2438.315673828125
846230,846230_02.jpg,151852.65625
846230,846230_03.jpg,142722.40625
846230,846230_04.jpg,76542.5546875
846230,846230_05.jpg,41796.2265625
232838,232838_00.jpg,1339.6409912109375
232838,232838_01.jpg,47987.65625
232838,232838_02.jpg,345.59686279296875
232838,232838_03.jpg,1744.2926025390625
232838,232838_04.jpg,24132.220703125
232838,232838_05.jpg,76945.890625
1498025,1498025_00.jpg,9192.29296875
1030068,1030068_00.jpg,-179.119873046875
1030068,1030068_01.jpg,127325.0703125
1030068,1030068_02.jpg,-1058.768798828125
1030068,1030068_03.jpg,18736.5859375
1030068,1030068_04.jpg,-6.003067493438721
1030068,1030068_05.jpg,131.68716430664062
244193,244193_00.jpg,3138.06591796875
244193,244193_01.jpg,545.4423217773438
244193,244193_02.jpg,-2690.0908203125
244193,244193_03.jpg,115219.3125
244193,244193_04.jpg,7470.26318359375
244193,244193_05.jpg,5339.28759765625
847480,847480_00.jpg,1165.5977783203125
847480,847480_01.jpg,-3227.327392578125
847480,847480_02.jpg,-782.30322265625
847480,847480_03.jpg,3111.032470703125
847480,847480_04.jpg,54732.08984375
847480,847480_05.jpg,9705.7158203125
846278,846278_00.jpg,48.3683967590332
846278,846278_01.jpg,690.14013671875
846278,846278_02.jpg,207203.328125
846278,846278_03.jpg,72223.6796875
846278,846278_04.jpg,56955.08984375
846278,846278_05.jpg,-676.345947265625
846430,846430_00.jpg,30872.02734375
846430,846430_01.jpg,-2422.054443359375
846430,846430_02.jpg,10427.1845703125
846430,846430_03.jpg,4230.1767578125
846430,846430_04.jpg,-3953.84375
846430,846430_05.jpg,5007.712890625
302742,302742_00.jpg,3863.467041015625
302742,302742_01.jpg,320.6784973144531
302742,302742_02.jpg,135.91851806640625
302742,302742_03.jpg,298.13720703125
302742,302742_04.jpg,26139.62109375
302742,302742_05.jpg,600.7911987304688
302350,302350_00.jpg,24508.458984375
302350,302350_01.jpg,510.70263671875
302350,302350_02.jpg,23245.4453125
302350,302350_03.jpg,70327.3671875
302350,302350_04.jpg,1849.0220947265625
302350,302350_05.jpg,3545.30322265625
235130,235130_00.jpg,-723.7702026367188
235130,235130_01.jpg,5737.67919921875
235130,235130_02.jpg,58617.62109375
235130,235130_03.jpg,1589.4053955078125
235130,235130_04.jpg,71433.1484375
235130,235130_05.jpg,14926.4833984375
291899,291899_00.jpg,52.80742263793945
291899,291899_01.jpg,-0.33747154474258423
291899,291899_02.jpg,1044.1627197265625
291899,291899_03.jpg,321.3528137207031
291899,291899_04.jpg,27144.994140625
291899,291899_05.jpg,27074.224609375
243854,243854_00.jpg,8323.765625
243854,243854_01.jpg,650.9022827148438
243854,243854_02.jpg,7502.0849609375
243854,243854_03.jpg,115062.640625
243854,243854_04.jpg,27253.525390625
243854,243854_05.jpg,10848.2548828125
213175,213175_00.jpg,214.0040283203125
213175,213175_01.jpg,-94.17501831054688
213175,213175_02.jpg,77.44261169433594
213175,213175_03.jpg,139603.734375
213175,213175_04.jpg,12500.9970703125
213175,213175_05.jpg,-270.4376220703125
780528,780528_00.jpg,64.57088470458984
780528,780528_01.jpg,-2861.873779296875
780528,780528_02.jpg,87992.0390625
780528,780528_03.jpg,121618.6953125
780528,780528_04.jpg,610.2999877929688
780528,780528_05.jpg,132725.359375
289304,289304_00.jpg,27219.0703125
289304,289304_01.jpg,121189.6640625
289304,289304_02.jpg,143.0594482421875
289304,289304_03.jpg,174.4702606201172
289304,289304_04.jpg,158776.5625
289304,289304_05.jpg,70506.1015625
349136,349136_00.jpg,77477.7734375
349136,349136_01.jpg,521.4861450195312
349136,349136_02.jpg,100713.6015625
349136,349136_03.jpg,38626.171875
349136,349136_04.jpg,706.1981811523438
349136,349136_05.jpg,-1403.9544677734375
213116,213116_00.jpg,50243.89453125
213116,213116_01.jpg,52638.3046875
213116,213116_02.jpg,3216.229248046875
213116,213116_03.jpg,148567.0
213116,213116_04.jpg,72108.8203125
213116,213116_05.jpg,7901.6044921875
290676,290676_00.jpg,-2231.390625
290676,290676_01.jpg,38.89987564086914
290676,290676_02.jpg,70215.0078125
290676,290676_03.jpg,5128.33837890625
290676,290676_04.jpg,116589.9140625
290676,290676_05.jpg,185.60748291015625
847258,847258_00.jpg,20156.259765625
847258,847258_01.jpg,52128.48828125
847258,847258_02.jpg,39813.8203125
847258,847258_03.jpg,4251.11962890625
847258,847258_04.jpg,783.86865234375
847258,847258_05.jpg,1595.378173828125
847288,847288_00.jpg,543.9823608398438
847288,847288_01.jpg,207480.6875
847288,847288_02.jpg,1043.1651611328125
847288,847288_03.jpg,158991.1875
847288,847288_04.jpg,688.3983764648438
847288,847288_05.jpg,199165.71875
213489,213489_00.jpg,255.2099609375
213489,213489_01.jpg,240.18263244628906
213489,213489_02.jpg,546.503173828125
213489,213489_03.jpg,84980.609375
213489,213489_04.jpg,-916.3570556640625
213489,213489_05.jpg,37861.57421875
213555,213555_00.jpg,3782.912841796875
213555,213555_01.jpg,43.36738204956055
213555,213555_02.jpg,5354.13623046875
213555,213555_03.jpg,4780.16162109375
213555,213555_04.jpg,109656.2265625
213555,213555_05.jpg,136172.59375
847500,847500_00.jpg,103681.0234375
847500,847500_01.jpg,3751.6904296875
847500,847500_02.jpg,108180.0390625
847500,847500_03.jpg,1691.91357421875
847500,847500_04.jpg,22895.986328125
847500,847500_05.jpg,1019.8689575195312
847645,847645_00.jpg,8405.619140625
847645,847645_01.jpg,2960.6455078125
847645,847645_02.jpg,1497.9029541015625
847645,847645_03.jpg,18055.333984375
847645,847645_04.jpg,-3785.906982421875
847645,847645_05.jpg,6810.62939453125
213620,213620_00.jpg,7316.39990234375
213620,213620_01.jpg,95.02924346923828
213620,213620_02.jpg,180308.546875
213620,213620_03.jpg,68.26075744628906
213620,213620_04.jpg,892.9520874023438
213620,213620_05.jpg,66557.6640625
243824,243824_00.jpg,-148.86752319335938
243824,243824_01.jpg,32278.93359375
243824,243824_02.jpg,56302.58984375
243824,243824_03.jpg,5342.40966796875
243824,243824_04.jpg,453.6121826171875
243824,243824_05.jpg,893.217529296875
321055,321055_00.jpg,56742.62109375
321055,321055_01.jpg,1518.010498046875
321055,321055_02.jpg,1879.086669921875
321055,321055_03.jpg,483.18743896484375
321055,321055_04.jpg,5688.68798828125
321055,321055_05.jpg,113.52102661132812
846915,846915_00.jpg,518.5306396484375
846915,846915_01.jpg,4515.86474609375
846915,846915_02.jpg,3565.4609375
846915,846915_03.jpg,-252.8961181640625
846915,846915_04.jpg,35963.72265625
846915,846915_05.jpg,3947.166748046875
239181,239181_00.jpg,82735.234375
239181,239181_01.jpg,190252.625
239181,239181_02.jpg,-702.119873046875
239181,239181_03.jpg,111112.9296875
239181,239181_04.jpg,33090.26171875
239181,239181_05.jpg,286042.65625
415755,415755_00.jpg,12845.8115234375
415755,415755_01.jpg,6998.68701171875
415755,415755_02.jpg,193817.90625
415755,415755_03.jpg,-2531.39013671875
415755,415755_04.jpg,-239.0595703125
415755,415755_05.jpg,30088.353515625
301856,301856_00.jpg,-2258.467041015625
301856,301856_01.jpg,46141.94140625
301856,301856_02.jpg,-1337.2652587890625
301856,301856_03.jpg,848.6651611328125
301856,301856_04.jpg,1653.627197265625
301856,301856_05.jpg,46007.80859375
1063790,1063790_00.jpg,93921.2578125
1063790,1063790_01.jpg,24626.314453125
1063790,1063790_02.jpg,5094.74560546875
1063790,1063790_03.jpg,775.4813842773438
1063790,1063790_04.jpg,4128.75634765625
1063790,1063790_05.jpg,2560.26318359375
301864,301864_00.jpg,99919.2734375
301864,301864_01.jpg,416.99005126953125
301864,301864_02.jpg,364.5711669921875
301864,301864_03.jpg,22890.44140625
301864,301864_04.jpg,17679.177734375
301864,301864_05.jpg,119891.2421875
847285,847285_00.jpg,102.2574234008789
847285,847285_01.jpg,19113.83203125
847285,847285_02.jpg,41.80918502807617
847285,847285_03.jpg,833.139892578125
847285,847285_04.jpg,105.31278991699219
847285,847285_05.jpg,12202.2919921875
504040,504040_00.jpg,-1558.3963623046875
504040,504040_01.jpg,-1891.231689453125
504040,504040_02.jpg,1100.0745849609375
504040,504040_03.jpg,38288.265625
504040,504040_04.jpg,275450.625
504040,504040_05.jpg,175036.625
880125,880125_00.jpg,4385.08544921875
880125,880125_01.jpg,-26.076404571533203
880125,880125_02.jpg,13.625070571899414
880125,880125_03.jpg,186031.109375
880125,880125_04.jpg,25068.8046875
880125,880125_05.jpg,10.651636123657227
913589,913589_00.jpg,9192.29296875
946066,946066_00.jpg,285406.53125
946066,946066_01.jpg,68415.1875
946066,946066_02.jpg,7732.2568359375
946066,946066_03.jpg,498.18438720703125
946066,946066_04.jpg,95.70478057861328
946066,946066_05.jpg,23867.375
946065,946065_00.jpg,9192.29296875
988227,988227_00.jpg,761.8172607421875
988227,988227_01.jpg,2380.372314453125
988227,988227_02.jpg,1321.6258544921875
988227,988227_03.jpg,4473.47412109375
988227,988227_04.jpg,12836.1376953125
988227,988227_05.jpg,290.0359802246094
988109,988109_00.jpg,36.260032653808594
988109,988109_01.jpg,177.21803283691406
988109,988109_02.jpg,-1862.7498779296875
988109,988109_03.jpg,15683.6279296875
988109,988109_04.jpg,139036.5625
988109,988109_05.jpg,11291.3974609375
224398,224398_00.jpg,64063.3046875
224398,224398_01.jpg,155039.625
224398,224398_02.jpg,382.11883544921875
224398,224398_03.jpg,76348.4453125
224398,224398_04.jpg,600.0704345703125
224398,224398_05.jpg,20807.23828125
239866,239866_00.jpg,1173.1907958984375
239866,239866_01.jpg,35.74616622924805
239866,239866_02.jpg,85915.0546875
239866,239866_03.jpg,-1985.9141845703125
239866,239866_04.jpg,-2997.316650390625
239866,239866_05.jpg,1294.322998046875
847236,847236_00.jpg,70330.875
847236,847236_01.jpg,2359.588623046875
847236,847236_02.jpg,1033.8734130859375
847236,847236_03.jpg,135.37057495117188
847236,847236_04.jpg,5530.95556640625
847236,847236_05.jpg,204613.625
228941,228941_00.jpg,434.145751953125
228941,228941_01.jpg,4104.90380859375
228941,228941_02.jpg,12836.2060546875
228941,228941_03.jpg,3868.33154296875
228941,228941_04.jpg,613.33154296875
228941,228941_05.jpg,-1878.1795654296875
244955,244955_00.jpg,-985.3681030273438
244955,244955_01.jpg,5774.3408203125
244955,244955_02.jpg,117514.171875
244955,244955_03.jpg,334.11920166015625
244955,244955_04.jpg,1244.5579833984375
847471,847471_00.jpg,16878.078125
847471,847471_01.jpg,91.783203125
847471,847471_02.jpg,506.5317687988281
847471,847471_03.jpg,161679.53125
847471,847471_04.jpg,132120.21875
847471,847471_05.jpg,969.7264404296875
330611,330611_00.jpg,103502.9453125
330611,330611_01.jpg,1539.2410888671875
330611,330611_02.jpg,89418.5078125
330611,330611_03.jpg,32273.580078125
330611,330611_04.jpg,-1517.496826171875
330611,330611_05.jpg,151669.90625
914927,914927_00.jpg,655.2927856445312
914927,914927_01.jpg,12755.66796875
914927,914927_02.jpg,126811.2265625
914927,914927_03.jpg,1732.0291748046875
914927,914927_04.jpg,195931.1875
914927,914927_05.jpg,1474.8074951171875
943178,943178_00.jpg,91559.953125
943178,943178_01.jpg,5568.31103515625
943178,943178_02.jpg,290128.09375
943178,943178_03.jpg,108012.1484375
943178,943178_04.jpg,42113.86328125
943178,943178_05.jpg,10313.9130859375
846833,846833_00.jpg,678.5286865234375
846833,846833_01.jpg,43.218048095703125
846833,846833_02.jpg,134928.3125
846833,846833_03.jpg,100111.3125
846833,846833_04.jpg,691.9302978515625
846833,846833_05.jpg,619.254638671875
434967,434967_00.jpg,2102.53271484375
434967,434967_01.jpg,4428.00146484375
434967,434967_02.jpg,3833.39453125
434967,434967_03.jpg,3428.602294921875
434967,434967_04.jpg,98.42115020751953
434967,434967_05.jpg,-2517.150146484375
213456,213456_00.jpg,9192.29296875
228274,228274_00.jpg,41280.9765625
228274,228274_01.jpg,70249.9453125
228274,228274_02.jpg,-4215.9619140625
228274,228274_03.jpg,266.4234313964844
228274,228274_04.jpg,175053.9375
228274,228274_05.jpg,4540.56689453125
988136,988136_00.jpg,504.5963439941406
988136,988136_01.jpg,210458.640625
988136,988136_02.jpg,1313.9405517578125
988136,988136_03.jpg,1966.7130126953125
988136,988136_04.jpg,901.201171875
988136,988136_05.jpg,417.9591064453125
1021024,1021024_00.jpg,12139.5576171875
1021024,1021024_01.jpg,1726.4224853515625
1021024,1021024_02.jpg,56905.58203125
1021024,1021024_03.jpg,43988.3515625
1021024,1021024_04.jpg,3351.97021484375
1021024,1021024_05.jpg,20291.748046875
317418,317418_00.jpg,15547.5439453125
317418,317418_01.jpg,8816.9130859375
317418,317418_02.jpg,-1437.1741943359375
317418,317418_03.jpg,4017.771484375
317418,317418_04.jpg,333.7935791015625
317418,317418_05.jpg,99152.140625
213291,213291_00.jpg,1618.1734619140625
213291,213291_01.jpg,-1350.2071533203125
213291,213291_02.jpg,1402.4794921875
213291,213291_03.jpg,1098.17041015625
213291,213291_04.jpg,56198.24609375
213291,213291_05.jpg,4351.86572265625
296767,296767_00.jpg,195771.46875
296767,296767_01.jpg,26078.5546875
296767,296767_02.jpg,-1454.6024169921875
296767,296767_03.jpg,67523.390625
296767,296767_04.jpg,57448.19140625
296767,296767_05.jpg,17146.314453125
607419,607419_00.jpg,164.97409057617188
607419,607419_01.jpg,588.0446166992188
607419,607419_02.jpg,624.695556640625
607419,607419_03.jpg,1404.2269287109375
607419,607419_04.jpg,14373.9150390625
607419,607419_05.jpg,26887.533203125
213093,213093_00.jpg,44480.08984375
213093,213093_01.jpg,4361.07373046875
213093,213093_02.jpg,126180.2890625
213093,213093_03.jpg,81905.3671875
213093,213093_04.jpg,98771.9140625
213093,213093_05.jpg,14556.359375
988233,988233_00.jpg,946.5696411132812
988233,988233_01.jpg,41577.375
988233,988233_02.jpg,1293.3489990234375
988233,988233_03.jpg,16923.982421875
988233,988233_04.jpg,105441.46875
988233,988233_05.jpg,172667.65625
847691,847691_00.jpg,9988.97265625
847691,847691_01.jpg,26950.705078125
847691,847691_02.jpg,201623.03125
847691,847691_03.jpg,822.5859375
847691,847691_04.jpg,23274.314453125
847691,847691_05.jpg,1300.1656494140625
213201,213201_00.jpg,26334.845703125
213201,213201_01.jpg,127.79450225830078
213201,213201_02.jpg,154887.484375
213201,213201_03.jpg,84454.3515625
213201,213201_04.jpg,7840.61962890625
213201,213201_05.jpg,629.661376953125
988123,988123_00.jpg,2109.593994140625
988123,988123_01.jpg,151.94940185546875
988123,988123_02.jpg,3577.847412109375
988123,988123_03.jpg,169263.390625
988123,988123_04.jpg,222452.90625
988123,988123_05.jpg,343.5096435546875
944837,944837_00.jpg,3863.32275390625
944837,944837_01.jpg,19154.611328125
944837,944837_02.jpg,201.3665313720703
944837,944837_03.jpg,40166.8125
944837,944837_04.jpg,145556.6875
944837,944837_05.jpg,2627.77880859375
793413,793413_00.jpg,2375.838134765625
793413,793413_01.jpg,514.8843994140625
793413,793413_02.jpg,-527.8323974609375
793413,793413_03.jpg,-2772.553955078125
793413,793413_04.jpg,100644.7265625
793413,793413_05.jpg,102596.6015625
846832,846832_00.jpg,40.492862701416016
846832,846832_01.jpg,10233.7041015625
846832,846832_02.jpg,2352.311767578125
846832,846832_03.jpg,23277.13671875
846832,846832_04.jpg,5683.2080078125
846832,846832_05.jpg,30907.091796875
540649,540649_00.jpg,150486.9375
540649,540649_01.jpg,7141.859375
995486,995486_00.jpg,5311.73046875
995486,995486_01.jpg,637.0084228515625
995486,995486_02.jpg,743.6171264648438
995486,995486_03.jpg,737.4859619140625
995486,995486_04.jpg,897.9595947265625
995486,995486_05.jpg,-958.39794921875
1498158,1498158_00.jpg,3942.062255859375
1498158,1498158_01.jpg,36515.85546875
1498158,1498158_02.jpg,362.28753662109375
1498158,1498158_03.jpg,-680.5353393554688
1498158,1498158_04.jpg,33191.921875
1498158,1498158_05.jpg,6492.40478515625
1266259,1266259_00.jpg,9192.29296875
1470100,1470100_00.jpg,6003.4013671875
1470100,1470100_01.jpg,4128.5771484375
1470100,1470100_02.jpg,29077.830078125
1470100,1470100_03.jpg,39662.83984375
1470100,1470100_04.jpg,52776.35546875
1470100,1470100_05.jpg,11545.2724609375
1266285,1266285_00.jpg,59110.25390625
1266285,1266285_01.jpg,2096.715576171875
1266285,1266285_02.jpg,14756.48828125
1266285,1266285_03.jpg,30303.5703125
1266285,1266285_04.jpg,6656.28662109375
1266285,1266285_05.jpg,2373.77392578125
1266853,1266853_00.jpg,467.2415771484375
1266853,1266853_01.jpg,661.29052734375
1266853,1266853_02.jpg,1077.093994140625
1266853,1266853_03.jpg,3808.150634765625
1266853,1266853_04.jpg,1730.3492431640625
1266853,1266853_05.jpg,1097.4639892578125
1267474,1267474_00.jpg,9192.29296875
1305071,1305071_00.jpg,4439.73876953125
1305071,1305071_01.jpg,686.114990234375
1305071,1305071_02.jpg,-5242.900390625
1305071,1305071_03.jpg,2531.852783203125
1305071,1305071_04.jpg,88755.9765625
1305071,1305071_05.jpg,-2091.821044921875
1305624,1305624_00.jpg,85667.3828125
1305624,1305624_01.jpg,8483.041015625
1305624,1305624_02.jpg,-567.8444213867188
1305624,1305624_03.jpg,7067.6845703125
1305624,1305624_04.jpg,20037.072265625
1305624,1305624_05.jpg,130730.1796875
1236534,1236534_00.jpg,3698.608642578125
1236534,1236534_01.jpg,400.37713623046875
1236534,1236534_02.jpg,75710.0703125
1236534,1236534_03.jpg,3914.970947265625
1236534,1236534_04.jpg,76886.3359375
1236534,1236534_05.jpg,3443.389404296875
1243285,1243285_00.jpg,26823.126953125
1243285,1243285_01.jpg,11040.7802734375
1243285,1243285_02.jpg,270.5937194824219
1243285,1243285_03.jpg,16198.3837890625
1243285,1243285_04.jpg,4178.70263671875
1243285,1243285_05.jpg,3960.35498046875
1299234,1299234_00.jpg,6012.2099609375
1299234,1299234_01.jpg,41.718505859375
1299234,1299234_02.jpg,26997.119140625
1299234,1299234_03.jpg,4422.45947265625
1299234,1299234_04.jpg,844.1880493164062
1299234,1299234_05.jpg,84925.6328125
913575,913575_00.jpg,151394.546875
913575,913575_01.jpg,3909.564697265625
913575,913575_02.jpg,93230.78125
213286,213286_00.jpg,3383.839111328125
213286,213286_01.jpg,1244.6322021484375
213286,213286_02.jpg,-1856.3194580078125
213286,213286_03.jpg,13875.8681640625
213286,213286_04.jpg,185.510009765625
213286,213286_05.jpg,10275.68359375
846504,846504_00.jpg,225962.375
846504,846504_01.jpg,-0.28106701374053955
846504,846504_02.jpg,88978.75
846504,846504_03.jpg,-111.57719421386719
846504,846504_04.jpg,3027.216552734375
846504,846504_05.jpg,1231.2237548828125
213401,213401_00.jpg,3467.712158203125
213401,213401_01.jpg,-5224.39208984375
213401,213401_02.jpg,2050.494140625
213401,213401_03.jpg,171846.1875
213401,213401_04.jpg,3440.242431640625
213401,213401_05.jpg,34441.08984375
1178683,1178683_00.jpg,159691.90625
1178683,1178683_01.jpg,754.6238403320312
1178683,1178683_02.jpg,-719.7484130859375
1178683,1178683_03.jpg,320.5874938964844
1178683,1178683_04.jpg,1209.9188232421875
1178683,1178683_05.jpg,10.918609619140625
540891,540891_00.jpg,866.6683959960938
540891,540891_01.jpg,172036.46875
540891,540891_02.jpg,105584.8203125
540891,540891_03.jpg,-4001.604736328125
540891,540891_04.jpg,793.1884765625
540891,540891_05.jpg,86265.3515625
1075099,1075099_00.jpg,1527.6595458984375
988093,988093_00.jpg,38596.87109375
988093,988093_01.jpg,18787.103515625
988093,988093_02.jpg,38509.91015625
988093,988093_03.jpg,150816.59375
988093,988093_04.jpg,79676.1484375
988093,988093_05.jpg,197323.625
846675,846675_00.jpg,210592.40625
846675,846675_01.jpg,8166.7998046875
846675,846675_02.jpg,43084.671875
846675,846675_03.jpg,4976.83447265625
846675,846675_04.jpg,7852.0927734375
846675,846675_05.jpg,32793.13671875
846793,846793_00.jpg,13558.845703125
846793,846793_01.jpg,16172.6083984375
846793,846793_02.jpg,-939.6976318359375
846793,846793_03.jpg,124168.6953125
846793,846793_04.jpg,943.6539306640625
846793,846793_05.jpg,-434.4530029296875
286208,286208_00.jpg,16172.6083984375
286208,286208_01.jpg,78468.5859375
286208,286208_02.jpg,13558.845703125
286208,286208_03.jpg,58662.73046875
286208,286208_04.jpg,93.69273376464844
286208,286208_05.jpg,119673.8125
846648,846648_00.jpg,16627.337890625
846648,846648_01.jpg,163892.78125
846648,846648_02.jpg,63552.16015625
846648,846648_03.jpg,168632.703125
846648,846648_04.jpg,-815.261474609375
846648,846648_05.jpg,26670.45703125
846645,846645_00.jpg,942.3463134765625
846645,846645_01.jpg,3909.176513671875
846645,846645_02.jpg,-1682.9666748046875
846645,846645_03.jpg,15986.4951171875
846645,846645_04.jpg,2893.440673828125
846645,846645_05.jpg,241715.875
212610,212610_00.jpg,2140.762939453125
212610,212610_01.jpg,607.5625610351562
212610,212610_02.jpg,230.197509765625
212610,212610_03.jpg,9645.27734375
212610,212610_04.jpg,1233.43212890625
212610,212610_05.jpg,898.0844116210938
1080272,1080272_00.jpg,229790.96875
1080272,1080272_01.jpg,409.50604248046875
1080272,1080272_02.jpg,8167.4150390625
1080272,1080272_03.jpg,293.3602600097656
1080272,1080272_04.jpg,407.36822509765625
1080272,1080272_05.jpg,2244.940185546875
212601,212601_00.jpg,63557.42578125
212601,212601_01.jpg,36047.203125
212601,212601_02.jpg,-460.6171875
212601,212601_03.jpg,42999.39453125
212601,212601_04.jpg,3831.5966796875
212601,212601_05.jpg,125363.1484375
212604,212604_00.jpg,655.7830810546875
212604,212604_01.jpg,830.5531005859375
212604,212604_02.jpg,387.7349853515625
212604,212604_03.jpg,112058.8515625
212604,212604_04.jpg,152675.3125
212604,212604_05.jpg,598.889892578125
847289,847289_00.jpg,375.8912353515625
847289,847289_01.jpg,84.227294921875
847289,847289_02.jpg,-1620.7340087890625
847289,847289_03.jpg,121039.1953125
847289,847289_04.jpg,4291.75732421875
847289,847289_05.jpg,463.2714538574219
221346,221346_00.jpg,3530.65283203125
221346,221346_01.jpg,-3746.0751953125
221346,221346_02.jpg,-4475.07177734375
221346,221346_03.jpg,-4860.58154296875
221346,221346_04.jpg,9514.5634765625
221346,221346_05.jpg,12866.4541015625
221664,221664_00.jpg,-1329.5252685546875
221664,221664_01.jpg,1119.94189453125
221664,221664_02.jpg,41102.99609375
221664,221664_03.jpg,6215.08251953125
221664,221664_04.jpg,115580.0859375
221664,221664_05.jpg,103306.1171875
847482,847482_00.jpg,244.19056701660156
847482,847482_01.jpg,566.481201171875
847482,847482_02.jpg,7100.06640625
847482,847482_03.jpg,24944.373046875
847482,847482_04.jpg,240435.234375
847482,847482_05.jpg,187413.578125
224902,224902_00.jpg,3097.951171875
224902,224902_01.jpg,6256.96630859375
224902,224902_02.jpg,80693.28125
224902,224902_03.jpg,488.6826171875
224902,224902_04.jpg,127551.0625
224902,224902_05.jpg,36722.91015625
229823,229823_00.jpg,11260.009765625
229823,229823_01.jpg,97686.875
229823,229823_02.jpg,-611.631103515625
229823,229823_03.jpg,23479.908203125
229823,229823_04.jpg,115106.3671875
229823,229823_05.jpg,103299.78125
236372,236372_00.jpg,131366.796875
236372,236372_01.jpg,2654.293212890625
236372,236372_02.jpg,-19.258787155151367
236372,236372_03.jpg,124910.609375
236372,236372_04.jpg,145126.53125
236372,236372_05.jpg,111911.6015625
429680,429680_00.jpg,5143.99072265625
429680,429680_01.jpg,142.3597412109375
429680,429680_02.jpg,130.1903076171875
429680,429680_03.jpg,329.64117431640625
429680,429680_04.jpg,44680.76953125
429680,429680_05.jpg,462.8831787109375
236370,236370_00.jpg,531.630615234375
236370,236370_01.jpg,1152.101806640625
236370,236370_02.jpg,3371.125244140625
236370,236370_03.jpg,148811.375
236370,236370_04.jpg,3644.990966796875
213624,213624_00.jpg,8755.0888671875
213624,213624_01.jpg,37482.81640625
213624,213624_02.jpg,925.5314331054688
213624,213624_03.jpg,-2751.214599609375
213624,213624_04.jpg,239366.921875
213624,213624_05.jpg,8378.1083984375
238568,238568_00.jpg,32.39761734008789
238568,238568_01.jpg,88115.6328125
238568,238568_02.jpg,6439.3642578125
238568,238568_03.jpg,93775.671875
238568,238568_04.jpg,6932.62353515625
238568,238568_05.jpg,75548.296875
803630,803630_00.jpg,1225.77197265625
803630,803630_01.jpg,714.6744995117188
803630,803630_02.jpg,574.2857666015625
803630,803630_03.jpg,101803.8125
570895,570895_00.jpg,291.95989990234375
570895,570895_01.jpg,257.8547058105469
570895,570895_02.jpg,380.1869201660156
570895,570895_03.jpg,161597.921875
570895,570895_04.jpg,38300.3046875
570895,570895_05.jpg,103789.5546875
1004143,1004143_00.jpg,2248.01513671875
1004143,1004143_01.jpg,126.12884521484375
1004143,1004143_02.jpg,25454.9140625
1004143,1004143_03.jpg,46047.859375
1004143,1004143_04.jpg,146496.40625
1004143,1004143_05.jpg,113128.6484375
1004144,1004144_00.jpg,2271.372802734375
1004144,1004144_01.jpg,7117.78369140625
1004144,1004144_02.jpg,293.5723571777344
1004144,1004144_03.jpg,93717.078125
1004144,1004144_04.jpg,833.0799560546875
1004144,1004144_05.jpg,13212.0673828125
1087664,1087664_00.jpg,9192.29296875
846042,846042_00.jpg,2796.781982421875
846042,846042_01.jpg,65398.66015625
846042,846042_02.jpg,1002.706787109375
846042,846042_03.jpg,192739.234375
846042,846042_04.jpg,165.60385131835938
846042,846042_05.jpg,66859.421875
301350,301350_00.jpg,345.9727783203125
301350,301350_01.jpg,1339.9927978515625
301350,301350_02.jpg,1267.181640625
301350,301350_03.jpg,496.61273193359375
301350,301350_04.jpg,-757.5926513671875
301350,301350_05.jpg,-454.1476135253906
250204,250204_00.jpg,14037.0888671875
250204,250204_01.jpg,29910.685546875
250204,250204_02.jpg,1459.3294677734375
250204,250204_03.jpg,9114.7626953125
250204,250204_04.jpg,168.6472930908203
250204,250204_05.jpg,1256.9932861328125
213830,213830_00.jpg,1327.8048095703125
213830,213830_01.jpg,2827.689453125
213830,213830_02.jpg,13617.4697265625
213830,213830_03.jpg,2973.380126953125
213830,213830_04.jpg,60225.64453125
213830,213830_05.jpg,397.10888671875
213539,213539_00.jpg,10365.8037109375
213539,213539_01.jpg,212.72914123535156
213539,213539_02.jpg,2046.747314453125
213539,213539_03.jpg,6961.28076171875
213539,213539_04.jpg,538.7664184570312
213539,213539_05.jpg,2067.928466796875
880094,880094_00.jpg,218823.046875
880094,880094_01.jpg,481.0145568847656
880094,880094_02.jpg,249.94583129882812
880094,880094_03.jpg,199547.5625
880094,880094_04.jpg,960.319580078125
880094,880094_05.jpg,192683.21875
880088,880088_00.jpg,147875.125
880088,880088_01.jpg,55590.71484375
880088,880088_02.jpg,1473.5972900390625
880088,880088_03.jpg,120676.1640625
880088,880088_04.jpg,217698.34375
880088,880088_05.jpg,337.2607727050781
913582,913582_00.jpg,31548.755859375
913582,913582_01.jpg,13657.1884765625
913582,913582_02.jpg,105364.78125
913582,913582_03.jpg,40847.30078125
988142,988142_00.jpg,280.8962097167969
988142,988142_01.jpg,5133.07568359375
988142,988142_02.jpg,166955.6875
988142,988142_03.jpg,37945.25
988142,988142_04.jpg,3831.61083984375
988142,988142_05.jpg,95729.3671875
913586,913586_00.jpg,42291.74609375
913586,913586_01.jpg,-1764.828369140625
913586,913586_02.jpg,3858.714599609375
913593,913593_00.jpg,38426.91796875
913593,913593_01.jpg,17902.341796875
913593,913593_02.jpg,2992.524658203125
913593,913593_03.jpg,27477.18359375
213462,213462_00.jpg,5.8977251052856445
213462,213462_01.jpg,3684.969970703125
213462,213462_02.jpg,124211.5234375
213462,213462_03.jpg,10150.2802734375
213462,213462_04.jpg,110850.2890625
213462,213462_05.jpg,1067.35205078125
1266878,1266878_00.jpg,9192.29296875
489008,489008_00.jpg,1083.40087890625
489008,489008_01.jpg,141594.46875
489008,489008_02.jpg,5536.13232421875
489008,489008_03.jpg,717.5633544921875
489008,489008_04.jpg,-195.22882080078125
489008,489008_05.jpg,1831.3489990234375
265520,265520_00.jpg,2270.115966796875
265520,265520_01.jpg,2031.0196533203125
265520,265520_02.jpg,3489.11962890625
265520,265520_03.jpg,25655.314453125
265520,265520_04.jpg,70925.2734375
265520,265520_05.jpg,107980.671875
1266927,1266927_00.jpg,142708.0625
1266927,1266927_01.jpg,4929.8544921875
1266927,1266927_02.jpg,389.947021484375
1266927,1266927_03.jpg,72835.125
1266927,1266927_04.jpg,-1159.1688232421875
1266927,1266927_05.jpg,7417.29052734375
213348,213348_00.jpg,1285.0181884765625
213348,213348_01.jpg,117.03337097167969
213348,213348_02.jpg,-405.83905029296875
213348,213348_03.jpg,21794.416015625
213348,213348_04.jpg,825.927490234375
213348,213348_05.jpg,8253.6572265625
234731,234731_00.jpg,14105.7568359375
234731,234731_01.jpg,55606.53125
234731,234731_02.jpg,5143.69189453125
234731,234731_03.jpg,38.0456428527832
234731,234731_04.jpg,27362.52734375
230032,230032_00.jpg,34846.12890625
230032,230032_01.jpg,-456.5863037109375
230032,230032_02.jpg,22266.17578125
230032,230032_03.jpg,160011.828125
230032,230032_04.jpg,679.8754272460938
230032,230032_05.jpg,185171.734375
528308,528308_00.jpg,41277.59765625
528308,528308_01.jpg,71879.5703125
528308,528308_02.jpg,2400.149658203125
528308,528308_03.jpg,7478.82861328125
528308,528308_04.jpg,287.68121337890625
528308,528308_05.jpg,86154.171875
847229,847229_00.jpg,4125.39990234375
847229,847229_01.jpg,141.814697265625
847229,847229_02.jpg,933.6990356445312
847229,847229_03.jpg,2562.997802734375
847229,847229_04.jpg,2166.597900390625
847229,847229_05.jpg,1788.9139404296875
233978,233978_00.jpg,-1897.695556640625
233978,233978_01.jpg,860.6149291992188
233978,233978_02.jpg,434.4731140136719
233978,233978_03.jpg,15830.3720703125
233978,233978_04.jpg,19402.052734375
233978,233978_05.jpg,72.20100402832031
234541,234541_00.jpg,-3920.58056640625
234541,234541_01.jpg,2774.458740234375
234541,234541_02.jpg,4870.71044921875
234541,234541_03.jpg,207738.875
234541,234541_04.jpg,128197.2265625
234541,234541_05.jpg,96157.5390625
847511,847511_00.jpg,44746.57421875
847511,847511_01.jpg,505.37225341796875
847511,847511_02.jpg,9002.5595703125
847511,847511_03.jpg,36673.2421875
847511,847511_04.jpg,4264.72509765625
847585,847585_00.jpg,939.7139282226562
847585,847585_01.jpg,70076.640625
847585,847585_02.jpg,299.2007751464844
847585,847585_03.jpg,117681.3515625
847585,847585_04.jpg,84447.6484375
847585,847585_05.jpg,33848.16015625
1261170,1261170_00.jpg,33009.01953125
1261170,1261170_01.jpg,257327.5
1261170,1261170_02.jpg,2802.826171875
1261170,1261170_03.jpg,90957.0625
1261170,1261170_04.jpg,2942.470947265625
1261170,1261170_05.jpg,224409.25
1214572,1214572_00.jpg,21298.080078125
1214572,1214572_01.jpg,511.0237121582031
788083,788083_00.jpg,136884.203125
788083,788083_01.jpg,1330.3499755859375
788083,788083_02.jpg,815.4050903320312
788083,788083_03.jpg,-1289.2896728515625
788083,788083_04.jpg,166603.375
788083,788083_05.jpg,125790.609375
512632,512632_00.jpg,5862.16552734375
512632,512632_01.jpg,119768.578125
512632,512632_02.jpg,1671.1484375
512632,512632_03.jpg,186188.5625
512632,512632_04.jpg,160591.875
512632,512632_05.jpg,286333.875
213814,213814_00.jpg,255603.59375
213814,213814_01.jpg,1196.5565185546875
213814,213814_02.jpg,128453.6796875
213814,213814_03.jpg,12926.5126953125
213814,213814_04.jpg,2869.176513671875
213814,213814_05.jpg,575.3294067382812
988090,988090_00.jpg,40.693748474121094
988090,988090_01.jpg,-5514.98974609375
988090,988090_02.jpg,2069.78564453125
988090,988090_03.jpg,23544.681640625
988090,988090_04.jpg,-380.0511779785156
988090,988090_05.jpg,-1697.7044677734375
311295,311295_00.jpg,7544.74658203125
311295,311295_01.jpg,49309.41796875
311295,311295_02.jpg,129861.0234375
311295,311295_03.jpg,10177.7392578125
311295,311295_04.jpg,149851.859375
311295,311295_05.jpg,774.738525390625
540824,540824_00.jpg,73175.4921875
540824,540824_01.jpg,145794.078125
540824,540824_02.jpg,19859.544921875
540824,540824_03.jpg,61158.29296875
540824,540824_04.jpg,3963.658447265625
540824,540824_05.jpg,21556.90625
847387,847387_00.jpg,4653.69677734375
847387,847387_01.jpg,69232.734375
847387,847387_02.jpg,151619.3125
847387,847387_03.jpg,989.9154052734375
847387,847387_04.jpg,5502.63525390625
847387,847387_05.jpg,61.138980865478516
213859,213859_00.jpg,3293.043212890625
213859,213859_01.jpg,111658.9453125
213859,213859_02.jpg,855.4774780273438
213859,213859_03.jpg,1506.7900390625
213859,213859_04.jpg,140567.265625
213859,213859_05.jpg,-3439.3388671875
213522,213522_00.jpg,41163.00390625
213522,213522_01.jpg,32797.43359375
213522,213522_02.jpg,-1543.115234375
213522,213522_03.jpg,150270.96875
213522,213522_04.jpg,67148.3828125
213522,213522_05.jpg,2062.28076171875
847694,847694_00.jpg,6887.2451171875
847694,847694_01.jpg,115065.0625
847694,847694_02.jpg,50753.41015625
847694,847694_03.jpg,101999.5859375
213652,213652_00.jpg,116344.0
213652,213652_01.jpg,117607.3359375
213652,213652_02.jpg,95745.4296875
213652,213652_03.jpg,47443.22265625
213652,213652_04.jpg,120782.0546875
213652,213652_05.jpg,80.03736114501953
1001494,1001494_00.jpg,100.18917083740234
1001494,1001494_01.jpg,38155.64453125
1001494,1001494_02.jpg,44674.81640625
1001494,1001494_03.jpg,162448.5625
1001494,1001494_04.jpg,386071.3125
1001494,1001494_05.jpg,256645.40625
846428,846428_00.jpg,189.84503173828125
846428,846428_01.jpg,-3419.785400390625
846428,846428_02.jpg,37222.76171875
846428,846428_03.jpg,1364.8433837890625
846428,846428_04.jpg,34903.38671875
846428,846428_05.jpg,36522.48046875
289839,289839_00.jpg,-2989.365478515625
289839,289839_01.jpg,69352.59375
289839,289839_02.jpg,5956.34912109375
289839,289839_03.jpg,1093.7152099609375
289839,289839_04.jpg,39015.02734375
289839,289839_05.jpg,-7089.35888671875
239956,239956_00.jpg,3670.185791015625
239956,239956_01.jpg,3613.528564453125
239956,239956_02.jpg,-1534.9425048828125
239956,239956_03.jpg,-1327.07470703125
239956,239956_04.jpg,3350.829345703125
239956,239956_05.jpg,910.3258056640625
988140,988140_00.jpg,2440.983642578125
988140,988140_01.jpg,791.320556640625
988140,988140_02.jpg,63.147830963134766
988140,988140_03.jpg,2752.58984375
988140,988140_04.jpg,59194.24609375
988140,988140_05.jpg,610.814697265625
213261,213261_00.jpg,3952.164306640625
213261,213261_01.jpg,3199.133544921875
213261,213261_02.jpg,917.8153686523438
213261,213261_03.jpg,1707.1636962890625
213261,213261_04.jpg,50323.890625
213261,213261_05.jpg,8436.9345703125
336664,336664_00.jpg,87800.6640625
336664,336664_01.jpg,45434.48046875
336664,336664_02.jpg,5509.72314453125
336664,336664_03.jpg,111757.8203125
336664,336664_04.jpg,18942.421875
336664,336664_05.jpg,124446.2109375
372348,372348_00.jpg,-597.1187744140625
372348,372348_01.jpg,1768.0592041015625
372348,372348_02.jpg,-131.77674865722656
372348,372348_03.jpg,157.17266845703125
372348,372348_04.jpg,-1616.3406982421875
372348,372348_05.jpg,3746.76416015625
213130,213130_00.jpg,93.63621520996094
213130,213130_01.jpg,292.30975341796875
213130,213130_02.jpg,132652.203125
213130,213130_03.jpg,88491.375
213130,213130_04.jpg,28286.408203125
212594,212594_00.jpg,45.95444869995117
212594,212594_01.jpg,636.9476318359375
212594,212594_02.jpg,367.4852294921875
212594,212594_03.jpg,17.399709701538086
212594,212594_04.jpg,2079.078369140625
212594,212594_05.jpg,10500.953125
371638,371638_00.jpg,3434.195556640625
371638,371638_01.jpg,3657.213134765625
371638,371638_02.jpg,2302.128662109375
371638,371638_03.jpg,-1621.7906494140625
371638,371638_04.jpg,2232.57568359375
371638,371638_05.jpg,1310.18408203125
301680,301680_00.jpg,631.1978759765625
301680,301680_01.jpg,248.34085083007812
301680,301680_02.jpg,-399.3735656738281
301680,301680_03.jpg,934.2044677734375
301680,301680_04.jpg,-1767.0343017578125
301680,301680_05.jpg,321.5594482421875
212693,212693_00.jpg,1543.9505615234375
212693,212693_01.jpg,3823.582763671875
212693,212693_02.jpg,2193.075439453125
212693,212693_03.jpg,19203.359375
212693,212693_04.jpg,705.0684204101562
212693,212693_05.jpg,4308.59228515625
212974,212974_00.jpg,91679.59375
212974,212974_01.jpg,2899.130126953125
212974,212974_02.jpg,987.6270141601562
212974,212974_03.jpg,49613.921875
212974,212974_04.jpg,160452.921875
212974,212974_05.jpg,93076.7109375
540669,540669_00.jpg,-217.75057983398438
540669,540669_01.jpg,84.72197723388672
540669,540669_02.jpg,2.5598418712615967
540669,540669_03.jpg,35755.90625
540669,540669_04.jpg,4425.3662109375
540669,540669_05.jpg,17061.892578125
783250,783250_00.jpg,129507.4921875
783250,783250_01.jpg,162021.3125
783250,783250_02.jpg,22815.783203125
783250,783250_03.jpg,24446.107421875
783250,783250_04.jpg,3512.375732421875
783250,783250_05.jpg,795.347412109375
724942,724942_00.jpg,1151.6717529296875
724942,724942_01.jpg,6285.57470703125
724942,724942_02.jpg,21791.19921875
724942,724942_03.jpg,14864.3984375
724942,724942_04.jpg,587.9148559570312
724942,724942_05.jpg,7664.51025390625
236284,236284_00.jpg,44588.89453125
236284,236284_01.jpg,25788.408203125
236284,236284_02.jpg,76291.375
236284,236284_03.jpg,1041.5506591796875
236284,236284_04.jpg,932.4945678710938
236284,236284_05.jpg,68962.5703125
301546,301546_00.jpg,19113.576171875
301546,301546_01.jpg,617.740966796875
301546,301546_02.jpg,-1333.218017578125
301546,301546_03.jpg,139415.28125
301546,301546_04.jpg,137196.296875
301546,301546_05.jpg,130558.7421875
1236575,1236575_00.jpg,99351.6640625
1236575,1236575_01.jpg,-1230.425048828125
1236575,1236575_02.jpg,149510.515625
1236575,1236575_03.jpg,556.5411376953125
1236575,1236575_04.jpg,-391.355224609375
1236575,1236575_05.jpg,4754.45556640625
1288832,1288832_00.jpg,833.5758056640625
1288832,1288832_01.jpg,10701.7548828125
1288832,1288832_02.jpg,35713.05078125
1288832,1288832_03.jpg,9597.14453125
1288832,1288832_04.jpg,113335.4375
1288832,1288832_05.jpg,15204.7744140625
1313015,1313015_00.jpg,5161.46337890625
1313015,1313015_01.jpg,43183.71484375
1313015,1313015_02.jpg,744.2348022460938
1313015,1313015_03.jpg,61781.74609375
1313015,1313015_04.jpg,14487.8740234375
1313015,1313015_05.jpg,63462.4375
1322627,1322627_00.jpg,71609.9765625
1322627,1322627_01.jpg,56440.0625
1322627,1322627_02.jpg,233592.765625
1322627,1322627_03.jpg,5084.44580078125
1322627,1322627_04.jpg,258387.921875
1322627,1322627_05.jpg,710.0590209960938
1148047,1148047_00.jpg,9192.29296875
1297447,1297447_00.jpg,9192.29296875
1194637,1194637_00.jpg,9192.29296875
926291,926291_00.jpg,179.1588134765625
926291,926291_01.jpg,491.8724670410156
926291,926291_02.jpg,-16.52860450744629
926291,926291_03.jpg,116.14447021484375
926291,926291_04.jpg,58132.00390625
926291,926291_05.jpg,1505.4586181640625
913583,913583_00.jpg,3493.68115234375
913583,913583_01.jpg,188858.59375
913583,913583_02.jpg,37131.74609375
880181,880181_00.jpg,27972.802734375
880181,880181_01.jpg,22397.6015625
880181,880181_02.jpg,50286.3046875
880181,880181_03.jpg,1787.6182861328125
847599,847599_00.jpg,706.6885375976562
847599,847599_01.jpg,-242.7899627685547
847599,847599_02.jpg,-719.4044189453125
847599,847599_03.jpg,-1670.2545166015625
847599,847599_04.jpg,3844.708740234375
847599,847599_05.jpg,3288.613037109375
1004142,1004142_00.jpg,41785.31640625
1004142,1004142_01.jpg,177719.90625
1004142,1004142_02.jpg,2456.054931640625
1004142,1004142_03.jpg,528.852294921875
1004142,1004142_04.jpg,71755.6015625
1004142,1004142_05.jpg,2452.263427734375
569046,569046_00.jpg,4105.4306640625
569046,569046_01.jpg,3838.747314453125
569046,569046_02.jpg,1796.4090576171875
569046,569046_03.jpg,-1107.489013671875
569046,569046_04.jpg,209756.484375
569046,569046_05.jpg,6240.92529296875
1370910,1370910_00.jpg,199408.34375
1370910,1370910_01.jpg,162940.5
1370910,1370910_02.jpg,6920.55908203125
1370910,1370910_03.jpg,5082.77294921875
1370910,1370910_04.jpg,4019.097900390625
1370910,1370910_05.jpg,438.1976623535156
1044994,1044994_00.jpg,5403.29150390625
1107965,1107965_00.jpg,422.2236633300781
302792,302792_00.jpg,2764.908935546875
302792,302792_01.jpg,27611.701171875
302792,302792_02.jpg,-2399.4091796875
302792,302792_03.jpg,2522.600341796875
302792,302792_04.jpg,1292.92138671875
302792,302792_05.jpg,12408.0712890625
232646,232646_00.jpg,6.967597484588623
232646,232646_01.jpg,2774.844970703125
232646,232646_02.jpg,1255.6181640625
232646,232646_03.jpg,8965.2373046875
232646,232646_04.jpg,1363.6368408203125
232646,232646_05.jpg,18352.587890625
847643,847643_00.jpg,-276.35797119140625
847643,847643_01.jpg,30708.439453125
847643,847643_02.jpg,73178.8671875
847643,847643_03.jpg,8880.3115234375
847643,847643_04.jpg,21785.830078125
847643,847643_05.jpg,127519.796875
225014,225014_00.jpg,5774.419921875
225014,225014_01.jpg,4911.81005859375
225014,225014_02.jpg,1650.3824462890625
225014,225014_03.jpg,-1303.9976806640625
225014,225014_04.jpg,1329.6824951171875
225014,225014_05.jpg,432.6390686035156
233700,233700_00.jpg,3243.839111328125
233700,233700_01.jpg,226900.25
233700,233700_02.jpg,102.4378890991211
233700,233700_03.jpg,38.29777908325195
233700,233700_04.jpg,216.92376708984375
233700,233700_05.jpg,32727.76953125
233525,233525_00.jpg,-625.6727905273438
233525,233525_01.jpg,127853.8828125
233525,233525_02.jpg,146229.40625
233525,233525_03.jpg,47750.33984375
233525,233525_04.jpg,901.872802734375
233525,233525_05.jpg,120489.2578125
1000738,1000738_00.jpg,8492.5546875
1000738,1000738_01.jpg,1129.828369140625
1000738,1000738_02.jpg,1069.9715576171875
1000738,1000738_03.jpg,636.33642578125
1000738,1000738_04.jpg,328699.28125
1000738,1000738_05.jpg,36936.58203125
222347,222347_00.jpg,34758.33984375
222347,222347_01.jpg,11746.220703125
222347,222347_02.jpg,-1341.2957763671875
222347,222347_03.jpg,3707.668212890625
222347,222347_04.jpg,4599.03369140625
222347,222347_05.jpg,18181.4375
219730,219730_00.jpg,-762.0958862304688
219730,219730_01.jpg,66823.8671875
219730,219730_02.jpg,2175.108642578125
219730,219730_03.jpg,1354.382568359375
219730,219730_04.jpg,3368.41455078125
219730,219730_05.jpg,139202.046875
871097,871097_00.jpg,69300.9609375
871097,871097_01.jpg,379.3314208984375
871097,871097_02.jpg,268.34991455078125
871097,871097_03.jpg,119129.203125
871097,871097_04.jpg,31076.228515625
871097,871097_05.jpg,270116.15625
540749,540749_00.jpg,318.8293151855469
540749,540749_01.jpg,73.68472290039062
540749,540749_02.jpg,89.76408386230469
540749,540749_03.jpg,248.99362182617188
540749,540749_04.jpg,13678.439453125
540749,540749_05.jpg,790.1029663085938
213756,213756_00.jpg,165.63473510742188
213756,213756_01.jpg,664.9186401367188
213756,213756_02.jpg,364.9006042480469
213756,213756_03.jpg,-504.5054016113281
213756,213756_04.jpg,13852.46875
213756,213756_05.jpg,-81.45750427246094
235374,235374_00.jpg,86.71357727050781
235374,235374_01.jpg,3592.205322265625
235374,235374_02.jpg,-1011.5904541015625
235374,235374_03.jpg,3783.5078125
235374,235374_04.jpg,40707.84765625
235374,235374_05.jpg,1038.598876953125
212660,212660_00.jpg,6202.42041015625
212660,212660_01.jpg,785.70166015625
212660,212660_02.jpg,63420.5703125
212660,212660_03.jpg,66290.015625
212660,212660_04.jpg,149562.375
212660,212660_05.jpg,883.190185546875
286475,286475_00.jpg,2445.49365234375
286475,286475_01.jpg,1665.4805908203125
286475,286475_02.jpg,1350.7484130859375
286475,286475_03.jpg,168.42373657226562
286475,286475_04.jpg,3998.38818359375
286475,286475_05.jpg,2556.039794921875
236698,236698_00.jpg,42750.890625
236698,236698_01.jpg,73467.1796875
236698,236698_02.jpg,167585.46875
236698,236698_03.jpg,778.9412841796875
236698,236698_04.jpg,5288.8447265625
236698,236698_05.jpg,8305.986328125
219840,219840_00.jpg,-863.0938110351562
219840,219840_01.jpg,69924.0703125
219840,219840_02.jpg,6279.0634765625
219840,219840_03.jpg,2806.700927734375
219840,219840_04.jpg,667.5177612304688
219840,219840_05.jpg,-4975.03759765625
379010,379010_00.jpg,-1832.4908447265625
379010,379010_01.jpg,144541.6875
379010,379010_02.jpg,-4932.8759765625
379010,379010_03.jpg,180497.34375
430999,430999_00.jpg,27014.365234375
430999,430999_01.jpg,7512.6904296875
430999,430999_02.jpg,10599.2578125
430999,430999_03.jpg,59827.734375
430999,430999_04.jpg,2594.290771484375
430999,430999_05.jpg,107731.1015625
988129,988129_00.jpg,50924.39453125
988129,988129_01.jpg,15744.3037109375
988129,988129_02.jpg,141166.875
988129,988129_03.jpg,4538.84033203125
988129,988129_04.jpg,1620.6270751953125
988129,988129_05.jpg,22824.763671875
846048,846048_00.jpg,778.4380493164062
846048,846048_01.jpg,6361.91259765625
846048,846048_02.jpg,211939.90625
846048,846048_03.jpg,6862.8310546875
846048,846048_04.jpg,3480.31005859375
846048,846048_05.jpg,828.9906616210938
847388,847388_00.jpg,23053.341796875
847388,847388_01.jpg,3570.573974609375
847388,847388_02.jpg,186.88836669921875
847388,847388_03.jpg,1257.6390380859375
847388,847388_04.jpg,101456.0
847388,847388_05.jpg,188659.84375
846414,846414_00.jpg,-1324.8624267578125
846414,846414_01.jpg,15395.2841796875
846414,846414_02.jpg,29203.84375
846414,846414_03.jpg,92297.6328125
846414,846414_04.jpg,448.4026794433594
846414,846414_05.jpg,100235.546875
988135,988135_00.jpg,6945.83154296875
988135,988135_01.jpg,2656.38525390625
988135,988135_02.jpg,806.234375
988135,988135_03.jpg,26152.841796875
988135,988135_04.jpg,8231.45703125
988135,988135_05.jpg,-1622.5509033203125
213030,213030_00.jpg,629.4632568359375
213030,213030_01.jpg,3140.803955078125
213030,213030_02.jpg,17021.5234375
213030,213030_03.jpg,69.77207946777344
213030,213030_04.jpg,4422.45947265625
213030,213030_05.jpg,844.1880493164062
583427,583427_00.jpg,308050.8125
583427,583427_01.jpg,72552.921875
583427,583427_02.jpg,2655.639404296875
583427,583427_03.jpg,187.81500244140625
583427,583427_04.jpg,159727.921875
583427,583427_05.jpg,1568.1661376953125
1039493,1039493_00.jpg,5855.45654296875
1039493,1039493_01.jpg,-71.1054916381836
1039493,1039493_02.jpg,6815.18505859375
1039493,1039493_03.jpg,730.9287109375
1039493,1039493_04.jpg,74923.9296875
1039493,1039493_05.jpg,133502.96875
783216,783216_00.jpg,4794.50634765625
783216,783216_01.jpg,-1538.3782958984375
783216,783216_02.jpg,1270.2864990234375
783216,783216_03.jpg,402.87396240234375
783216,783216_04.jpg,2910.093994140625
783216,783216_05.jpg,155859.09375
236970,236970_00.jpg,1065.8896484375
236970,236970_01.jpg,565.2042846679688
236970,236970_02.jpg,30935.5078125
236970,236970_03.jpg,3783.474365234375
236970,236970_04.jpg,13542.9443359375
236970,236970_05.jpg,-2173.74267578125
988130,988130_00.jpg,96234.046875
988130,988130_01.jpg,144621.328125
988130,988130_02.jpg,471.41943359375
988130,988130_03.jpg,217941.59375
988130,988130_04.jpg,17637.873046875
988130,988130_05.jpg,6999.24267578125
213294,213294_00.jpg,450.7369384765625
213294,213294_01.jpg,1817.708740234375
213294,213294_02.jpg,162613.171875
213294,213294_03.jpg,21053.744140625
213294,213294_04.jpg,92320.140625
213294,213294_05.jpg,1045.8594970703125
846058,846058_00.jpg,236.42108154296875
846058,846058_01.jpg,227833.390625
846058,846058_02.jpg,1435.1832275390625
846058,846058_03.jpg,15266.333984375
846058,846058_04.jpg,184.26663208007812
846058,846058_05.jpg,71.25566101074219
213797,213797_00.jpg,16193.9404296875
213797,213797_01.jpg,6672.40087890625
213797,213797_02.jpg,19786.548828125
213797,213797_03.jpg,9628.6318359375
213797,213797_04.jpg,77821.8828125
213797,213797_05.jpg,2113.845947265625
540903,540903_00.jpg,2897.192626953125
540903,540903_01.jpg,166681.3125
540903,540903_02.jpg,1905.0283203125
540903,540903_03.jpg,2120.146240234375
540903,540903_04.jpg,80407.5546875
540903,540903_05.jpg,6563.59375
847122,847122_00.jpg,2851.922119140625
847122,847122_01.jpg,602.5267944335938
847122,847122_02.jpg,217.31350708007812
847122,847122_03.jpg,2390.839111328125
847122,847122_04.jpg,2141.367919921875
847122,847122_05.jpg,480.0370178222656
798021,798021_00.jpg,115949.0703125
798021,798021_01.jpg,3501.652099609375
798021,798021_02.jpg,763.232666015625
798021,798021_03.jpg,141667.890625
798021,798021_04.jpg,80626.6015625
798021,798021_05.jpg,124695.3515625
213952,213952_00.jpg,5212.90380859375
213952,213952_01.jpg,2969.665771484375
213952,213952_02.jpg,158989.90625
213952,213952_03.jpg,91302.4296875
213952,213952_04.jpg,3671.58837890625
213952,213952_05.jpg,51050.91015625
846790,846790_00.jpg,3920.369873046875
846790,846790_01.jpg,1948.9071044921875
846790,846790_02.jpg,74916.2421875
846790,846790_03.jpg,120527.0625
846790,846790_04.jpg,160261.890625
846790,846790_05.jpg,428.2335205078125
540612,540612_00.jpg,58493.64453125
540612,540612_01.jpg,47.72260665893555
540612,540612_02.jpg,84948.2734375
540612,540612_03.jpg,85288.9609375
540612,540612_04.jpg,98520.2109375
540612,540612_05.jpg,67070.2421875
846438,846438_00.jpg,35098.2578125
846438,846438_01.jpg,298.38616943359375
846438,846438_02.jpg,445.16748046875
846438,846438_03.jpg,843.8673095703125
846438,846438_04.jpg,687.7211303710938
846438,846438_05.jpg,5705.24169921875
301901,301901_00.jpg,4215.56640625
301901,301901_01.jpg,-2240.126220703125
301901,301901_02.jpg,927.186767578125
301901,301901_03.jpg,4305.4072265625
301901,301901_04.jpg,23504.076171875
301901,301901_05.jpg,30650.994140625
846950,846950_00.jpg,241.83380126953125
846950,846950_01.jpg,11833.2490234375
846950,846950_02.jpg,1599.2738037109375
846950,846950_03.jpg,14316.15625
846950,846950_04.jpg,76124.6953125
846950,846950_05.jpg,4671.52197265625
847085,847085_00.jpg,230092.03125
847085,847085_01.jpg,140001.8125
847085,847085_02.jpg,264515.875
847085,847085_03.jpg,-230.6042938232422
847085,847085_04.jpg,2887.31298828125
847085,847085_05.jpg,6899.97314453125
805867,805867_00.jpg,261.34942626953125
805867,805867_01.jpg,514.3533935546875
805867,805867_02.jpg,1080.6011962890625
805867,805867_03.jpg,71514.296875
805867,805867_04.jpg,1281.2027587890625
805867,805867_05.jpg,122548.3984375
213488,213488_00.jpg,155489.375
213488,213488_01.jpg,669.2735595703125
213488,213488_02.jpg,177381.875
213488,213488_03.jpg,4292.11962890625
213488,213488_04.jpg,3763.100830078125
213488,213488_05.jpg,5209.76416015625
1024304,1024304_00.jpg,5812.9619140625
1024304,1024304_01.jpg,241.48997497558594
1024304,1024304_02.jpg,2050.882080078125
1024304,1024304_03.jpg,-299.316650390625
1024304,1024304_04.jpg,16715.41796875
231238,231238_00.jpg,2004.771728515625
231238,231238_01.jpg,3539.027099609375
231238,231238_02.jpg,10033.6767578125
231238,231238_03.jpg,23.682769775390625
231238,231238_04.jpg,58794.69921875
231238,231238_05.jpg,220.62525939941406
213451,213451_00.jpg,63317.27734375
213451,213451_01.jpg,63535.87109375
213451,213451_02.jpg,899.8681030273438
213451,213451_03.jpg,29205.408203125
213451,213451_04.jpg,11021.9091796875
213451,213451_05.jpg,3823.790283203125
846482,846482_00.jpg,76.01992797851562
846482,846482_01.jpg,4669.75830078125
846482,846482_02.jpg,168051.703125
846482,846482_03.jpg,109182.2734375
846482,846482_04.jpg,15429.4521484375
846482,846482_05.jpg,20093.677734375
846711,846711_00.jpg,2640.60693359375
846711,846711_01.jpg,100.06269836425781
846711,846711_02.jpg,3669.791748046875
846711,846711_03.jpg,564.1063842773438
846711,846711_04.jpg,-657.9658203125
846711,846711_05.jpg,113734.546875
287220,287220_00.jpg,33705.25390625
287220,287220_01.jpg,1961.6407470703125
287220,287220_02.jpg,126903.6640625
287220,287220_03.jpg,2140.197021484375
287220,287220_04.jpg,2.2282586097717285
287220,287220_05.jpg,1434.025634765625
