annotator_id,left_id,right_id,result
黄皓珺,pic_000.jpg,pic_012.jpg,left
黄皓珺,pic_000.jpg,pic_103.jpg,left
黄皓珺,pic_000.jpg,pic_105.jpg,left
黄皓珺,pic_000.jpg,pic_122.jpg,left
黄皓珺,pic_000.jpg,pic_124.jpg,left
黄皓珺,pic_000.jpg,pic_146.jpg,right
黄皓珺,pic_001.jpg,pic_012.jpg,right
黄皓珺,pic_001.jpg,pic_103.jpg,right
黄皓珺,pic_001.jpg,pic_105.jpg,right
黄皓珺,pic_001.jpg,pic_122.jpg,right
黄皓珺,pic_001.jpg,pic_124.jpg,right
黄皓珺,pic_001.jpg,pic_146.jpg,right
黄皓珺,pic_002.jpg,pic_012.jpg,right
黄皓珺,pic_002.jpg,pic_103.jpg,right
黄皓珺,pic_002.jpg,pic_105.jpg,right
黄皓珺,pic_002.jpg,pic_122.jpg,right
黄皓珺,pic_002.jpg,pic_124.jpg,right
黄皓珺,pic_002.jpg,pic_146.jpg,right
黄皓珺,pic_003.jpg,pic_012.jpg,right
黄皓珺,pic_003.jpg,pic_103.jpg,right
黄皓珺,pic_003.jpg,pic_105.jpg,right
黄皓珺,pic_003.jpg,pic_122.jpg,right
黄皓珺,pic_003.jpg,pic_124.jpg,right
黄皓珺,pic_003.jpg,pic_146.jpg,right
黄皓珺,pic_004.jpg,pic_012.jpg,right
黄皓珺,pic_004.jpg,pic_103.jpg,right
黄皓珺,pic_004.jpg,pic_105.jpg,right
黄皓珺,pic_004.jpg,pic_122.jpg,right
黄皓珺,pic_004.jpg,pic_124.jpg,left
黄皓珺,pic_004.jpg,pic_146.jpg,right
黄皓珺,pic_005.jpg,pic_012.jpg,left
黄皓珺,pic_005.jpg,pic_103.jpg,left
黄皓珺,pic_005.jpg,pic_105.jpg,left
黄皓珺,pic_005.jpg,pic_122.jpg,left
黄皓珺,pic_005.jpg,pic_124.jpg,left
黄皓珺,pic_005.jpg,pic_146.jpg,left
黄皓珺,pic_006.jpg,pic_012.jpg,left
黄皓珺,pic_006.jpg,pic_103.jpg,left
黄皓珺,pic_006.jpg,pic_105.jpg,left
黄皓珺,pic_006.jpg,pic_122.jpg,left
黄皓珺,pic_006.jpg,pic_124.jpg,left
黄皓珺,pic_006.jpg,pic_146.jpg,right
黄皓珺,pic_007.jpg,pic_012.jpg,right
黄皓珺,pic_007.jpg,pic_103.jpg,right
黄皓珺,pic_007.jpg,pic_105.jpg,right
黄皓珺,pic_007.jpg,pic_122.jpg,right
黄皓珺,pic_007.jpg,pic_124.jpg,right
黄皓珺,pic_007.jpg,pic_146.jpg,right
黄皓珺,pic_008.jpg,pic_012.jpg,right
黄皓珺,pic_008.jpg,pic_103.jpg,right
黄皓珺,pic_008.jpg,pic_105.jpg,right
黄皓珺,pic_008.jpg,pic_122.jpg,right
黄皓珺,pic_008.jpg,pic_124.jpg,right
黄皓珺,pic_008.jpg,pic_146.jpg,right
黄皓珺,pic_009.jpg,pic_012.jpg,left
黄皓珺,pic_009.jpg,pic_103.jpg,left
黄皓珺,pic_009.jpg,pic_105.jpg,left
黄皓珺,pic_009.jpg,pic_122.jpg,left
黄皓珺,pic_009.jpg,pic_124.jpg,left
黄皓珺,pic_009.jpg,pic_146.jpg,left
黄皓珺,pic_010.jpg,pic_012.jpg,right
黄皓珺,pic_010.jpg,pic_103.jpg,right
黄皓珺,pic_010.jpg,pic_105.jpg,right
黄皓珺,pic_010.jpg,pic_122.jpg,right
黄皓珺,pic_010.jpg,pic_124.jpg,right
黄皓珺,pic_010.jpg,pic_146.jpg,right
黄皓珺,pic_011.jpg,pic_012.jpg,right
黄皓珺,pic_011.jpg,pic_103.jpg,right
黄皓珺,pic_011.jpg,pic_105.jpg,right
黄皓珺,pic_011.jpg,pic_122.jpg,right
黄皓珺,pic_011.jpg,pic_124.jpg,right
黄皓珺,pic_011.jpg,pic_146.jpg,right
黄皓珺,pic_012.jpg,pic_013.jpg,left
黄皓珺,pic_012.jpg,pic_014.jpg,left
黄皓珺,pic_012.jpg,pic_015.jpg,left
黄皓珺,pic_012.jpg,pic_016.jpg,left
黄皓珺,pic_012.jpg,pic_017.jpg,left
黄皓珺,pic_012.jpg,pic_018.jpg,left
黄皓珺,pic_012.jpg,pic_019.jpg,left
黄皓珺,pic_012.jpg,pic_020.jpg,left
黄皓珺,pic_012.jpg,pic_021.jpg,left
黄皓珺,pic_012.jpg,pic_022.jpg,left
黄皓珺,pic_012.jpg,pic_023.jpg,left
黄皓珺,pic_012.jpg,pic_024.jpg,left
黄皓珺,pic_012.jpg,pic_025.jpg,left
黄皓珺,pic_012.jpg,pic_026.jpg,left
黄皓珺,pic_012.jpg,pic_027.jpg,left
黄皓珺,pic_012.jpg,pic_028.jpg,left
黄皓珺,pic_012.jpg,pic_029.jpg,left
黄皓珺,pic_012.jpg,pic_030.jpg,left
黄皓珺,pic_012.jpg,pic_031.jpg,left
黄皓珺,pic_012.jpg,pic_032.jpg,left
黄皓珺,pic_012.jpg,pic_033.jpg,left
黄皓珺,pic_012.jpg,pic_034.jpg,left
黄皓珺,pic_012.jpg,pic_035.jpg,left
黄皓珺,pic_012.jpg,pic_036.jpg,left
黄皓珺,pic_012.jpg,pic_037.jpg,left
黄皓珺,pic_012.jpg,pic_038.jpg,left
黄皓珺,pic_012.jpg,pic_039.jpg,left
黄皓珺,pic_012.jpg,pic_040.jpg,left
黄皓珺,pic_012.jpg,pic_041.jpg,left
黄皓珺,pic_012.jpg,pic_042.jpg,left
黄皓珺,pic_012.jpg,pic_043.jpg,left
黄皓珺,pic_012.jpg,pic_044.jpg,left
黄皓珺,pic_012.jpg,pic_045.jpg,left
黄皓珺,pic_012.jpg,pic_046.jpg,left
黄皓珺,pic_012.jpg,pic_047.jpg,left
黄皓珺,pic_012.jpg,pic_048.jpg,left
黄皓珺,pic_012.jpg,pic_049.jpg,left
黄皓珺,pic_012.jpg,pic_050.jpg,left
黄皓珺,pic_012.jpg,pic_051.jpg,left
黄皓珺,pic_012.jpg,pic_052.jpg,left
黄皓珺,pic_012.jpg,pic_053.jpg,left
黄皓珺,pic_012.jpg,pic_054.jpg,left
黄皓珺,pic_012.jpg,pic_055.jpg,left
黄皓珺,pic_012.jpg,pic_056.jpg,left
黄皓珺,pic_012.jpg,pic_057.jpg,left
黄皓珺,pic_012.jpg,pic_058.jpg,left
黄皓珺,pic_012.jpg,pic_059.jpg,left
黄皓珺,pic_012.jpg,pic_060.jpg,left
黄皓珺,pic_012.jpg,pic_061.jpg,left
黄皓珺,pic_012.jpg,pic_062.jpg,left
黄皓珺,pic_012.jpg,pic_063.jpg,left
黄皓珺,pic_012.jpg,pic_064.jpg,left
黄皓珺,pic_012.jpg,pic_065.jpg,left
黄皓珺,pic_012.jpg,pic_066.jpg,left
黄皓珺,pic_012.jpg,pic_067.jpg,left
黄皓珺,pic_012.jpg,pic_068.jpg,left
黄皓珺,pic_012.jpg,pic_069.jpg,left
黄皓珺,pic_012.jpg,pic_070.jpg,left
黄皓珺,pic_012.jpg,pic_071.jpg,left
黄皓珺,pic_012.jpg,pic_072.jpg,left
黄皓珺,pic_012.jpg,pic_073.jpg,right
黄皓珺,pic_012.jpg,pic_074.jpg,right
黄皓珺,pic_012.jpg,pic_075.jpg,left
黄皓珺,pic_012.jpg,pic_076.jpg,left
黄皓珺,pic_012.jpg,pic_077.jpg,left
黄皓珺,pic_012.jpg,pic_078.jpg,left
黄皓珺,pic_012.jpg,pic_079.jpg,right
黄皓珺,pic_012.jpg,pic_080.jpg,left
黄皓珺,pic_012.jpg,pic_081.jpg,left
黄皓珺,pic_012.jpg,pic_082.jpg,right
黄皓珺,pic_012.jpg,pic_083.jpg,left
黄皓珺,pic_012.jpg,pic_084.jpg,right
黄皓珺,pic_012.jpg,pic_085.jpg,left
黄皓珺,pic_012.jpg,pic_086.jpg,left
黄皓珺,pic_012.jpg,pic_087.jpg,left
黄皓珺,pic_012.jpg,pic_088.jpg,left
黄皓珺,pic_012.jpg,pic_089.jpg,left
黄皓珺,pic_012.jpg,pic_090.jpg,left
黄皓珺,pic_012.jpg,pic_091.jpg,left
黄皓珺,pic_012.jpg,pic_092.jpg,right
黄皓珺,pic_012.jpg,pic_093.jpg,left
黄皓珺,pic_012.jpg,pic_094.jpg,left
黄皓珺,pic_012.jpg,pic_095.jpg,left
黄皓珺,pic_012.jpg,pic_096.jpg,left
黄皓珺,pic_012.jpg,pic_097.jpg,left
黄皓珺,pic_012.jpg,pic_098.jpg,left
黄皓珺,pic_012.jpg,pic_099.jpg,left
黄皓珺,pic_012.jpg,pic_100.jpg,right
黄皓珺,pic_012.jpg,pic_101.jpg,left
黄皓珺,pic_012.jpg,pic_102.jpg,left
黄皓珺,pic_012.jpg,pic_103.jpg,left
黄皓珺,pic_012.jpg,pic_104.jpg,left
黄皓珺,pic_012.jpg,pic_105.jpg,left
黄皓珺,pic_012.jpg,pic_106.jpg,left
黄皓珺,pic_012.jpg,pic_107.jpg,left
黄皓珺,pic_012.jpg,pic_108.jpg,left
黄皓珺,pic_012.jpg,pic_109.jpg,left
黄皓珺,pic_012.jpg,pic_110.jpg,left
黄皓珺,pic_012.jpg,pic_111.jpg,left
黄皓珺,pic_012.jpg,pic_112.jpg,left
黄皓珺,pic_012.jpg,pic_113.jpg,left
黄皓珺,pic_012.jpg,pic_114.jpg,left
黄皓珺,pic_012.jpg,pic_115.jpg,left
黄皓珺,pic_012.jpg,pic_116.jpg,left
黄皓珺,pic_012.jpg,pic_117.jpg,left
黄皓珺,pic_012.jpg,pic_118.jpg,left
黄皓珺,pic_012.jpg,pic_119.jpg,left
黄皓珺,pic_012.jpg,pic_120.jpg,left
黄皓珺,pic_012.jpg,pic_121.jpg,left
黄皓珺,pic_012.jpg,pic_122.jpg,left
黄皓珺,pic_012.jpg,pic_123.jpg,right
黄皓珺,pic_012.jpg,pic_124.jpg,left
黄皓珺,pic_012.jpg,pic_125.jpg,left
黄皓珺,pic_012.jpg,pic_126.jpg,left
黄皓珺,pic_012.jpg,pic_127.jpg,left
黄皓珺,pic_012.jpg,pic_128.jpg,left
黄皓珺,pic_012.jpg,pic_129.jpg,left
黄皓珺,pic_012.jpg,pic_130.jpg,left
黄皓珺,pic_012.jpg,pic_131.jpg,left
黄皓珺,pic_012.jpg,pic_132.jpg,left
黄皓珺,pic_012.jpg,pic_133.jpg,left
黄皓珺,pic_012.jpg,pic_134.jpg,right
黄皓珺,pic_012.jpg,pic_135.jpg,left
黄皓珺,pic_012.jpg,pic_136.jpg,left
黄皓珺,pic_012.jpg,pic_137.jpg,left
黄皓珺,pic_012.jpg,pic_138.jpg,left
黄皓珺,pic_012.jpg,pic_139.jpg,left
黄皓珺,pic_012.jpg,pic_140.jpg,left
黄皓珺,pic_012.jpg,pic_141.jpg,left
黄皓珺,pic_012.jpg,pic_142.jpg,left
黄皓珺,pic_012.jpg,pic_143.jpg,left
黄皓珺,pic_012.jpg,pic_144.jpg,left
黄皓珺,pic_012.jpg,pic_145.jpg,left
黄皓珺,pic_012.jpg,pic_146.jpg,left
黄皓珺,pic_012.jpg,pic_147.jpg,left
黄皓珺,pic_012.jpg,pic_148.jpg,left
黄皓珺,pic_012.jpg,pic_149.jpg,left
黄皓珺,pic_012.jpg,pic_150.jpg,left
黄皓珺,pic_012.jpg,pic_151.jpg,left
黄皓珺,pic_012.jpg,pic_152.jpg,left
黄皓珺,pic_012.jpg,pic_153.jpg,left
黄皓珺,pic_012.jpg,pic_154.jpg,left
黄皓珺,pic_012.jpg,pic_155.jpg,left
黄皓珺,pic_012.jpg,pic_156.jpg,left
黄皓珺,pic_012.jpg,pic_157.jpg,left
黄皓珺,pic_012.jpg,pic_158.jpg,left
黄皓珺,pic_012.jpg,pic_159.jpg,left
黄皓珺,pic_012.jpg,pic_160.jpg,left
黄皓珺,pic_012.jpg,pic_161.jpg,left
黄皓珺,pic_012.jpg,pic_162.jpg,left
黄皓珺,pic_012.jpg,pic_163.jpg,left
黄皓珺,pic_012.jpg,pic_164.jpg,left
黄皓珺,pic_012.jpg,pic_165.jpg,left
黄皓珺,pic_012.jpg,pic_166.jpg,left
黄皓珺,pic_012.jpg,pic_167.jpg,left
黄皓珺,pic_012.jpg,pic_168.jpg,left
黄皓珺,pic_012.jpg,pic_169.jpg,left
黄皓珺,pic_012.jpg,pic_170.jpg,left
黄皓珺,pic_012.jpg,pic_171.jpg,left
黄皓珺,pic_012.jpg,pic_172.jpg,left
黄皓珺,pic_012.jpg,pic_173.jpg,left
黄皓珺,pic_012.jpg,pic_174.jpg,left
黄皓珺,pic_012.jpg,pic_175.jpg,left
黄皓珺,pic_012.jpg,pic_176.jpg,left
黄皓珺,pic_012.jpg,pic_177.jpg,left
黄皓珺,pic_012.jpg,pic_178.jpg,left
黄皓珺,pic_012.jpg,pic_179.jpg,left
黄皓珺,pic_012.jpg,pic_180.jpg,left
黄皓珺,pic_012.jpg,pic_181.jpg,left
黄皓珺,pic_012.jpg,pic_182.jpg,left
黄皓珺,pic_012.jpg,pic_183.jpg,left
黄皓珺,pic_012.jpg,pic_184.jpg,left
黄皓珺,pic_012.jpg,pic_185.jpg,left
黄皓珺,pic_012.jpg,pic_186.jpg,left
黄皓珺,pic_012.jpg,pic_187.jpg,left
黄皓珺,pic_012.jpg,pic_188.jpg,left
黄皓珺,pic_012.jpg,pic_189.jpg,left
黄皓珺,pic_012.jpg,pic_190.jpg,left
黄皓珺,pic_012.jpg,pic_191.jpg,left
黄皓珺,pic_012.jpg,pic_192.jpg,left
黄皓珺,pic_012.jpg,pic_193.jpg,left
黄皓珺,pic_012.jpg,pic_194.jpg,left
黄皓珺,pic_012.jpg,pic_195.jpg,left
黄皓珺,pic_012.jpg,pic_196.jpg,left
黄皓珺,pic_012.jpg,pic_197.jpg,left
黄皓珺,pic_012.jpg,pic_198.jpg,left
黄皓珺,pic_012.jpg,pic_199.jpg,left
黄皓珺,pic_013.jpg,pic_103.jpg,right
黄皓珺,pic_013.jpg,pic_105.jpg,right
黄皓珺,pic_013.jpg,pic_122.jpg,right
黄皓珺,pic_013.jpg,pic_124.jpg,right
黄皓珺,pic_013.jpg,pic_146.jpg,right
黄皓珺,pic_014.jpg,pic_103.jpg,right
黄皓珺,pic_014.jpg,pic_105.jpg,right
黄皓珺,pic_014.jpg,pic_122.jpg,right
黄皓珺,pic_014.jpg,pic_124.jpg,right
黄皓珺,pic_014.jpg,pic_146.jpg,right
黄皓珺,pic_015.jpg,pic_103.jpg,right
黄皓珺,pic_015.jpg,pic_105.jpg,right
黄皓珺,pic_015.jpg,pic_122.jpg,right
黄皓珺,pic_015.jpg,pic_124.jpg,right
黄皓珺,pic_015.jpg,pic_146.jpg,right
黄皓珺,pic_016.jpg,pic_103.jpg,left
黄皓珺,pic_016.jpg,pic_105.jpg,right
黄皓珺,pic_016.jpg,pic_122.jpg,left
黄皓珺,pic_016.jpg,pic_124.jpg,left
黄皓珺,pic_016.jpg,pic_146.jpg,right
黄皓珺,pic_017.jpg,pic_103.jpg,right
黄皓珺,pic_017.jpg,pic_105.jpg,right
黄皓珺,pic_017.jpg,pic_122.jpg,right
黄皓珺,pic_017.jpg,pic_124.jpg,right
黄皓珺,pic_017.jpg,pic_146.jpg,right
黄皓珺,pic_018.jpg,pic_103.jpg,right
黄皓珺,pic_018.jpg,pic_105.jpg,right
黄皓珺,pic_018.jpg,pic_122.jpg,right
黄皓珺,pic_018.jpg,pic_124.jpg,right
黄皓珺,pic_018.jpg,pic_146.jpg,right
黄皓珺,pic_019.jpg,pic_103.jpg,right
黄皓珺,pic_019.jpg,pic_105.jpg,right
黄皓珺,pic_019.jpg,pic_122.jpg,right
黄皓珺,pic_019.jpg,pic_124.jpg,right
黄皓珺,pic_019.jpg,pic_146.jpg,right
黄皓珺,pic_020.jpg,pic_103.jpg,right
黄皓珺,pic_020.jpg,pic_105.jpg,right
黄皓珺,pic_020.jpg,pic_122.jpg,right
黄皓珺,pic_020.jpg,pic_124.jpg,right
黄皓珺,pic_020.jpg,pic_146.jpg,right
黄皓珺,pic_021.jpg,pic_103.jpg,right
黄皓珺,pic_021.jpg,pic_105.jpg,right
黄皓珺,pic_021.jpg,pic_122.jpg,right
黄皓珺,pic_021.jpg,pic_124.jpg,right
黄皓珺,pic_021.jpg,pic_146.jpg,right
黄皓珺,pic_022.jpg,pic_103.jpg,right
黄皓珺,pic_022.jpg,pic_105.jpg,right
黄皓珺,pic_022.jpg,pic_122.jpg,right
黄皓珺,pic_022.jpg,pic_124.jpg,right
黄皓珺,pic_022.jpg,pic_146.jpg,right
黄皓珺,pic_023.jpg,pic_103.jpg,right
黄皓珺,pic_023.jpg,pic_105.jpg,right
黄皓珺,pic_023.jpg,pic_122.jpg,right
黄皓珺,pic_023.jpg,pic_124.jpg,right
黄皓珺,pic_023.jpg,pic_146.jpg,right
黄皓珺,pic_024.jpg,pic_103.jpg,right
黄皓珺,pic_024.jpg,pic_105.jpg,right
黄皓珺,pic_024.jpg,pic_122.jpg,right
黄皓珺,pic_024.jpg,pic_124.jpg,right
黄皓珺,pic_024.jpg,pic_146.jpg,right
黄皓珺,pic_025.jpg,pic_103.jpg,right
黄皓珺,pic_025.jpg,pic_105.jpg,right
黄皓珺,pic_025.jpg,pic_122.jpg,right
黄皓珺,pic_025.jpg,pic_124.jpg,right
黄皓珺,pic_025.jpg,pic_146.jpg,right
黄皓珺,pic_026.jpg,pic_103.jpg,right
黄皓珺,pic_026.jpg,pic_105.jpg,right
黄皓珺,pic_026.jpg,pic_122.jpg,right
黄皓珺,pic_026.jpg,pic_124.jpg,right
黄皓珺,pic_026.jpg,pic_146.jpg,right
黄皓珺,pic_027.jpg,pic_103.jpg,right
黄皓珺,pic_027.jpg,pic_105.jpg,right
黄皓珺,pic_027.jpg,pic_122.jpg,right
黄皓珺,pic_027.jpg,pic_124.jpg,right
黄皓珺,pic_027.jpg,pic_146.jpg,right
黄皓珺,pic_028.jpg,pic_103.jpg,right
黄皓珺,pic_028.jpg,pic_105.jpg,right
黄皓珺,pic_028.jpg,pic_122.jpg,right
黄皓珺,pic_028.jpg,pic_124.jpg,right
黄皓珺,pic_028.jpg,pic_146.jpg,right
黄皓珺,pic_029.jpg,pic_103.jpg,right
黄皓珺,pic_029.jpg,pic_105.jpg,right
黄皓珺,pic_029.jpg,pic_122.jpg,right
黄皓珺,pic_029.jpg,pic_124.jpg,right
黄皓珺,pic_029.jpg,pic_146.jpg,right
黄皓珺,pic_030.jpg,pic_103.jpg,right
黄皓珺,pic_030.jpg,pic_105.jpg,right
黄皓珺,pic_030.jpg,pic_122.jpg,right
黄皓珺,pic_030.jpg,pic_124.jpg,right
黄皓珺,pic_030.jpg,pic_146.jpg,right
黄皓珺,pic_031.jpg,pic_103.jpg,right
黄皓珺,pic_031.jpg,pic_105.jpg,right
黄皓珺,pic_031.jpg,pic_122.jpg,right
黄皓珺,pic_031.jpg,pic_124.jpg,right
黄皓珺,pic_031.jpg,pic_146.jpg,right
黄皓珺,pic_032.jpg,pic_103.jpg,right
黄皓珺,pic_032.jpg,pic_105.jpg,right
黄皓珺,pic_032.jpg,pic_122.jpg,right
黄皓珺,pic_032.jpg,pic_124.jpg,right
黄皓珺,pic_032.jpg,pic_146.jpg,right
黄皓珺,pic_033.jpg,pic_103.jpg,right
黄皓珺,pic_033.jpg,pic_105.jpg,right
黄皓珺,pic_033.jpg,pic_122.jpg,right
黄皓珺,pic_033.jpg,pic_124.jpg,right
黄皓珺,pic_033.jpg,pic_146.jpg,right
黄皓珺,pic_034.jpg,pic_103.jpg,right
黄皓珺,pic_034.jpg,pic_105.jpg,right
黄皓珺,pic_034.jpg,pic_122.jpg,right
黄皓珺,pic_034.jpg,pic_124.jpg,right
黄皓珺,pic_034.jpg,pic_146.jpg,right
黄皓珺,pic_035.jpg,pic_103.jpg,right
黄皓珺,pic_035.jpg,pic_105.jpg,right
黄皓珺,pic_035.jpg,pic_122.jpg,right
黄皓珺,pic_035.jpg,pic_124.jpg,right
黄皓珺,pic_035.jpg,pic_146.jpg,right
黄皓珺,pic_036.jpg,pic_103.jpg,right
黄皓珺,pic_036.jpg,pic_105.jpg,right
黄皓珺,pic_036.jpg,pic_122.jpg,right
黄皓珺,pic_036.jpg,pic_124.jpg,right
黄皓珺,pic_036.jpg,pic_146.jpg,right
黄皓珺,pic_037.jpg,pic_103.jpg,right
黄皓珺,pic_037.jpg,pic_105.jpg,right
黄皓珺,pic_037.jpg,pic_122.jpg,right
黄皓珺,pic_037.jpg,pic_124.jpg,right
黄皓珺,pic_037.jpg,pic_146.jpg,right
黄皓珺,pic_038.jpg,pic_103.jpg,right
黄皓珺,pic_038.jpg,pic_105.jpg,right
黄皓珺,pic_038.jpg,pic_122.jpg,right
黄皓珺,pic_038.jpg,pic_124.jpg,right
黄皓珺,pic_038.jpg,pic_146.jpg,right
黄皓珺,pic_039.jpg,pic_103.jpg,right
黄皓珺,pic_039.jpg,pic_105.jpg,right
黄皓珺,pic_039.jpg,pic_122.jpg,right
黄皓珺,pic_039.jpg,pic_124.jpg,right
黄皓珺,pic_039.jpg,pic_146.jpg,right
黄皓珺,pic_040.jpg,pic_103.jpg,right
黄皓珺,pic_040.jpg,pic_105.jpg,right
黄皓珺,pic_040.jpg,pic_122.jpg,right
黄皓珺,pic_040.jpg,pic_124.jpg,right
黄皓珺,pic_040.jpg,pic_146.jpg,right
黄皓珺,pic_041.jpg,pic_103.jpg,right
黄皓珺,pic_041.jpg,pic_105.jpg,right
黄皓珺,pic_041.jpg,pic_122.jpg,right
黄皓珺,pic_041.jpg,pic_124.jpg,right
黄皓珺,pic_041.jpg,pic_146.jpg,right
黄皓珺,pic_042.jpg,pic_103.jpg,right
黄皓珺,pic_042.jpg,pic_105.jpg,right
黄皓珺,pic_042.jpg,pic_122.jpg,right
黄皓珺,pic_042.jpg,pic_124.jpg,right
黄皓珺,pic_042.jpg,pic_146.jpg,right
黄皓珺,pic_043.jpg,pic_103.jpg,right
黄皓珺,pic_043.jpg,pic_105.jpg,right
黄皓珺,pic_043.jpg,pic_122.jpg,right
黄皓珺,pic_043.jpg,pic_124.jpg,right
黄皓珺,pic_043.jpg,pic_146.jpg,right
黄皓珺,pic_044.jpg,pic_103.jpg,right
黄皓珺,pic_044.jpg,pic_105.jpg,right
黄皓珺,pic_044.jpg,pic_122.jpg,right
黄皓珺,pic_044.jpg,pic_124.jpg,right
黄皓珺,pic_044.jpg,pic_146.jpg,right
黄皓珺,pic_045.jpg,pic_103.jpg,right
黄皓珺,pic_045.jpg,pic_105.jpg,right
黄皓珺,pic_045.jpg,pic_122.jpg,right
黄皓珺,pic_045.jpg,pic_124.jpg,right
黄皓珺,pic_045.jpg,pic_146.jpg,right
黄皓珺,pic_046.jpg,pic_103.jpg,right
黄皓珺,pic_046.jpg,pic_105.jpg,right
黄皓珺,pic_046.jpg,pic_122.jpg,right
黄皓珺,pic_046.jpg,pic_124.jpg,right
黄皓珺,pic_046.jpg,pic_146.jpg,right
黄皓珺,pic_047.jpg,pic_103.jpg,left
黄皓珺,pic_047.jpg,pic_105.jpg,right
黄皓珺,pic_047.jpg,pic_122.jpg,left
黄皓珺,pic_047.jpg,pic_124.jpg,left
黄皓珺,pic_047.jpg,pic_146.jpg,right
黄皓珺,pic_048.jpg,pic_103.jpg,left
黄皓珺,pic_048.jpg,pic_105.jpg,right
黄皓珺,pic_048.jpg,pic_122.jpg,right
黄皓珺,pic_048.jpg,pic_124.jpg,right
黄皓珺,pic_048.jpg,pic_146.jpg,right
黄皓珺,pic_049.jpg,pic_103.jpg,right
黄皓珺,pic_049.jpg,pic_105.jpg,right
黄皓珺,pic_049.jpg,pic_122.jpg,right
黄皓珺,pic_049.jpg,pic_124.jpg,right
黄皓珺,pic_049.jpg,pic_146.jpg,right
黄皓珺,pic_050.jpg,pic_103.jpg,right
黄皓珺,pic_050.jpg,pic_105.jpg,right
黄皓珺,pic_050.jpg,pic_122.jpg,right
黄皓珺,pic_050.jpg,pic_124.jpg,right
黄皓珺,pic_050.jpg,pic_146.jpg,right
黄皓珺,pic_051.jpg,pic_103.jpg,right
黄皓珺,pic_051.jpg,pic_105.jpg,right
黄皓珺,pic_051.jpg,pic_122.jpg,right
黄皓珺,pic_051.jpg,pic_124.jpg,right
黄皓珺,pic_051.jpg,pic_146.jpg,right
黄皓珺,pic_052.jpg,pic_103.jpg,right
黄皓珺,pic_052.jpg,pic_105.jpg,right
黄皓珺,pic_052.jpg,pic_122.jpg,right
黄皓珺,pic_052.jpg,pic_124.jpg,right
黄皓珺,pic_052.jpg,pic_146.jpg,right
黄皓珺,pic_053.jpg,pic_103.jpg,left
黄皓珺,pic_053.jpg,pic_105.jpg,right
黄皓珺,pic_053.jpg,pic_122.jpg,left
黄皓珺,pic_053.jpg,pic_124.jpg,left
黄皓珺,pic_053.jpg,pic_146.jpg,left
黄皓珺,pic_054.jpg,pic_103.jpg,left
黄皓珺,pic_054.jpg,pic_105.jpg,right
黄皓珺,pic_054.jpg,pic_122.jpg,right
黄皓珺,pic_054.jpg,pic_124.jpg,left
黄皓珺,pic_054.jpg,pic_146.jpg,right
黄皓珺,pic_055.jpg,pic_103.jpg,right
黄皓珺,pic_055.jpg,pic_105.jpg,right
黄皓珺,pic_055.jpg,pic_122.jpg,right
黄皓珺,pic_055.jpg,pic_124.jpg,right
黄皓珺,pic_055.jpg,pic_146.jpg,right
黄皓珺,pic_056.jpg,pic_103.jpg,right
黄皓珺,pic_056.jpg,pic_105.jpg,left
黄皓珺,pic_056.jpg,pic_122.jpg,right
黄皓珺,pic_056.jpg,pic_124.jpg,left
黄皓珺,pic_056.jpg,pic_146.jpg,left
黄皓珺,pic_057.jpg,pic_103.jpg,right
黄皓珺,pic_057.jpg,pic_105.jpg,right
黄皓珺,pic_057.jpg,pic_122.jpg,right
黄皓珺,pic_057.jpg,pic_124.jpg,right
黄皓珺,pic_057.jpg,pic_146.jpg,right
黄皓珺,pic_058.jpg,pic_103.jpg,right
黄皓珺,pic_058.jpg,pic_105.jpg,right
黄皓珺,pic_058.jpg,pic_122.jpg,right
黄皓珺,pic_058.jpg,pic_124.jpg,right
黄皓珺,pic_058.jpg,pic_146.jpg,right
黄皓珺,pic_059.jpg,pic_103.jpg,right
黄皓珺,pic_059.jpg,pic_105.jpg,right
黄皓珺,pic_059.jpg,pic_122.jpg,right
黄皓珺,pic_059.jpg,pic_124.jpg,right
黄皓珺,pic_059.jpg,pic_146.jpg,right
黄皓珺,pic_060.jpg,pic_103.jpg,right
黄皓珺,pic_060.jpg,pic_105.jpg,right
黄皓珺,pic_060.jpg,pic_122.jpg,right
黄皓珺,pic_060.jpg,pic_124.jpg,right
黄皓珺,pic_060.jpg,pic_146.jpg,right
黄皓珺,pic_061.jpg,pic_103.jpg,right
黄皓珺,pic_061.jpg,pic_105.jpg,right
黄皓珺,pic_061.jpg,pic_122.jpg,right
黄皓珺,pic_061.jpg,pic_124.jpg,right
黄皓珺,pic_061.jpg,pic_146.jpg,right
黄皓珺,pic_062.jpg,pic_103.jpg,right
黄皓珺,pic_062.jpg,pic_105.jpg,right
黄皓珺,pic_062.jpg,pic_122.jpg,right
黄皓珺,pic_062.jpg,pic_124.jpg,right
黄皓珺,pic_062.jpg,pic_146.jpg,right
黄皓珺,pic_063.jpg,pic_103.jpg,right
黄皓珺,pic_063.jpg,pic_105.jpg,right
黄皓珺,pic_063.jpg,pic_122.jpg,right
黄皓珺,pic_063.jpg,pic_124.jpg,right
黄皓珺,pic_063.jpg,pic_146.jpg,right
黄皓珺,pic_064.jpg,pic_103.jpg,right
黄皓珺,pic_064.jpg,pic_105.jpg,right
黄皓珺,pic_064.jpg,pic_122.jpg,right
黄皓珺,pic_064.jpg,pic_124.jpg,right
黄皓珺,pic_064.jpg,pic_146.jpg,right
黄皓珺,pic_065.jpg,pic_103.jpg,right
黄皓珺,pic_065.jpg,pic_105.jpg,right
黄皓珺,pic_065.jpg,pic_122.jpg,right
黄皓珺,pic_065.jpg,pic_124.jpg,right
黄皓珺,pic_065.jpg,pic_146.jpg,right
黄皓珺,pic_066.jpg,pic_103.jpg,left
黄皓珺,pic_066.jpg,pic_105.jpg,left
黄皓珺,pic_066.jpg,pic_122.jpg,left
黄皓珺,pic_066.jpg,pic_124.jpg,left
黄皓珺,pic_066.jpg,pic_146.jpg,left
黄皓珺,pic_067.jpg,pic_103.jpg,left
黄皓珺,pic_067.jpg,pic_105.jpg,right
黄皓珺,pic_067.jpg,pic_122.jpg,right
黄皓珺,pic_067.jpg,pic_124.jpg,right
黄皓珺,pic_067.jpg,pic_146.jpg,right
黄皓珺,pic_068.jpg,pic_103.jpg,right
黄皓珺,pic_068.jpg,pic_105.jpg,right
黄皓珺,pic_068.jpg,pic_122.jpg,left
黄皓珺,pic_068.jpg,pic_124.jpg,left
黄皓珺,pic_068.jpg,pic_146.jpg,left
黄皓珺,pic_069.jpg,pic_103.jpg,left
黄皓珺,pic_069.jpg,pic_105.jpg,left
黄皓珺,pic_069.jpg,pic_122.jpg,left
黄皓珺,pic_069.jpg,pic_124.jpg,left
黄皓珺,pic_069.jpg,pic_146.jpg,left
黄皓珺,pic_070.jpg,pic_103.jpg,right
黄皓珺,pic_070.jpg,pic_105.jpg,right
黄皓珺,pic_070.jpg,pic_122.jpg,right
黄皓珺,pic_070.jpg,pic_124.jpg,right
黄皓珺,pic_070.jpg,pic_146.jpg,right
黄皓珺,pic_071.jpg,pic_103.jpg,right
黄皓珺,pic_071.jpg,pic_105.jpg,right
黄皓珺,pic_071.jpg,pic_122.jpg,right
黄皓珺,pic_071.jpg,pic_124.jpg,right
黄皓珺,pic_071.jpg,pic_146.jpg,right
黄皓珺,pic_072.jpg,pic_103.jpg,right
黄皓珺,pic_072.jpg,pic_105.jpg,right
黄皓珺,pic_072.jpg,pic_122.jpg,right
黄皓珺,pic_072.jpg,pic_124.jpg,right
黄皓珺,pic_072.jpg,pic_146.jpg,right
黄皓珺,pic_073.jpg,pic_103.jpg,right
黄皓珺,pic_073.jpg,pic_105.jpg,left
黄皓珺,pic_073.jpg,pic_122.jpg,left
黄皓珺,pic_073.jpg,pic_124.jpg,left
黄皓珺,pic_073.jpg,pic_146.jpg,left
黄皓珺,pic_074.jpg,pic_103.jpg,left
黄皓珺,pic_074.jpg,pic_105.jpg,right
黄皓珺,pic_074.jpg,pic_122.jpg,left
黄皓珺,pic_074.jpg,pic_124.jpg,right
黄皓珺,pic_074.jpg,pic_146.jpg,right
黄皓珺,pic_075.jpg,pic_103.jpg,right
黄皓珺,pic_075.jpg,pic_105.jpg,right
黄皓珺,pic_075.jpg,pic_122.jpg,right
黄皓珺,pic_075.jpg,pic_124.jpg,right
黄皓珺,pic_075.jpg,pic_146.jpg,right
黄皓珺,pic_076.jpg,pic_103.jpg,right
黄皓珺,pic_076.jpg,pic_105.jpg,right
黄皓珺,pic_076.jpg,pic_122.jpg,right
黄皓珺,pic_076.jpg,pic_124.jpg,right
黄皓珺,pic_076.jpg,pic_146.jpg,right
黄皓珺,pic_077.jpg,pic_103.jpg,right
黄皓珺,pic_077.jpg,pic_105.jpg,right
黄皓珺,pic_077.jpg,pic_122.jpg,right
黄皓珺,pic_077.jpg,pic_124.jpg,right
黄皓珺,pic_077.jpg,pic_146.jpg,right
黄皓珺,pic_078.jpg,pic_103.jpg,right
黄皓珺,pic_078.jpg,pic_105.jpg,right
黄皓珺,pic_078.jpg,pic_122.jpg,right
黄皓珺,pic_078.jpg,pic_124.jpg,right
黄皓珺,pic_078.jpg,pic_146.jpg,right
黄皓珺,pic_079.jpg,pic_103.jpg,right
黄皓珺,pic_079.jpg,pic_105.jpg,left
黄皓珺,pic_079.jpg,pic_122.jpg,left
黄皓珺,pic_079.jpg,pic_124.jpg,left
黄皓珺,pic_079.jpg,pic_146.jpg,left
黄皓珺,pic_080.jpg,pic_103.jpg,left
黄皓珺,pic_080.jpg,pic_105.jpg,right
黄皓珺,pic_080.jpg,pic_122.jpg,right
黄皓珺,pic_080.jpg,pic_124.jpg,right
黄皓珺,pic_080.jpg,pic_146.jpg,right
黄皓珺,pic_081.jpg,pic_103.jpg,right
黄皓珺,pic_081.jpg,pic_105.jpg,right
黄皓珺,pic_081.jpg,pic_122.jpg,right
黄皓珺,pic_081.jpg,pic_124.jpg,right
黄皓珺,pic_081.jpg,pic_146.jpg,right
黄皓珺,pic_082.jpg,pic_103.jpg,left
黄皓珺,pic_082.jpg,pic_105.jpg,left
黄皓珺,pic_082.jpg,pic_122.jpg,left
黄皓珺,pic_082.jpg,pic_124.jpg,left
黄皓珺,pic_082.jpg,pic_146.jpg,left
黄皓珺,pic_083.jpg,pic_103.jpg,right
黄皓珺,pic_083.jpg,pic_105.jpg,right
黄皓珺,pic_083.jpg,pic_122.jpg,right
黄皓珺,pic_083.jpg,pic_124.jpg,right
黄皓珺,pic_083.jpg,pic_146.jpg,right
黄皓珺,pic_084.jpg,pic_103.jpg,right
黄皓珺,pic_084.jpg,pic_105.jpg,left
黄皓珺,pic_084.jpg,pic_122.jpg,left
黄皓珺,pic_084.jpg,pic_124.jpg,left
黄皓珺,pic_084.jpg,pic_146.jpg,left
黄皓珺,pic_085.jpg,pic_103.jpg,right
黄皓珺,pic_085.jpg,pic_105.jpg,right
黄皓珺,pic_085.jpg,pic_122.jpg,right
黄皓珺,pic_085.jpg,pic_124.jpg,right
黄皓珺,pic_085.jpg,pic_146.jpg,right
黄皓珺,pic_086.jpg,pic_103.jpg,right
黄皓珺,pic_086.jpg,pic_105.jpg,left
黄皓珺,pic_086.jpg,pic_122.jpg,left
黄皓珺,pic_086.jpg,pic_124.jpg,left
黄皓珺,pic_086.jpg,pic_146.jpg,right
黄皓珺,pic_087.jpg,pic_103.jpg,right
黄皓珺,pic_087.jpg,pic_105.jpg,right
黄皓珺,pic_087.jpg,pic_122.jpg,right
黄皓珺,pic_087.jpg,pic_124.jpg,right
黄皓珺,pic_087.jpg,pic_146.jpg,right
黄皓珺,pic_088.jpg,pic_103.jpg,right
黄皓珺,pic_088.jpg,pic_105.jpg,right
黄皓珺,pic_088.jpg,pic_122.jpg,right
黄皓珺,pic_088.jpg,pic_124.jpg,right
黄皓珺,pic_088.jpg,pic_146.jpg,right
黄皓珺,pic_089.jpg,pic_103.jpg,left
黄皓珺,pic_089.jpg,pic_105.jpg,left
黄皓珺,pic_089.jpg,pic_122.jpg,right
黄皓珺,pic_089.jpg,pic_124.jpg,left
黄皓珺,pic_089.jpg,pic_146.jpg,left
黄皓珺,pic_090.jpg,pic_103.jpg,left
黄皓珺,pic_090.jpg,pic_105.jpg,right
黄皓珺,pic_090.jpg,pic_122.jpg,right
黄皓珺,pic_090.jpg,pic_124.jpg,right
黄皓珺,pic_090.jpg,pic_146.jpg,right
黄皓珺,pic_091.jpg,pic_103.jpg,right
黄皓珺,pic_091.jpg,pic_105.jpg,right
黄皓珺,pic_091.jpg,pic_122.jpg,right
黄皓珺,pic_091.jpg,pic_124.jpg,right
黄皓珺,pic_091.jpg,pic_146.jpg,right
黄皓珺,pic_092.jpg,pic_103.jpg,right
黄皓珺,pic_092.jpg,pic_105.jpg,left
黄皓珺,pic_092.jpg,pic_122.jpg,left
黄皓珺,pic_092.jpg,pic_124.jpg,left
黄皓珺,pic_092.jpg,pic_146.jpg,left
黄皓珺,pic_093.jpg,pic_103.jpg,left
黄皓珺,pic_093.jpg,pic_105.jpg,right
黄皓珺,pic_093.jpg,pic_122.jpg,right
黄皓珺,pic_093.jpg,pic_124.jpg,right
黄皓珺,pic_093.jpg,pic_146.jpg,right
黄皓珺,pic_094.jpg,pic_103.jpg,right
黄皓珺,pic_094.jpg,pic_105.jpg,right
黄皓珺,pic_094.jpg,pic_122.jpg,right
黄皓珺,pic_094.jpg,pic_124.jpg,right
黄皓珺,pic_094.jpg,pic_146.jpg,right
黄皓珺,pic_095.jpg,pic_103.jpg,right
黄皓珺,pic_095.jpg,pic_105.jpg,right
黄皓珺,pic_095.jpg,pic_122.jpg,right
黄皓珺,pic_095.jpg,pic_124.jpg,right
黄皓珺,pic_095.jpg,pic_146.jpg,right
黄皓珺,pic_096.jpg,pic_103.jpg,right
黄皓珺,pic_096.jpg,pic_105.jpg,right
黄皓珺,pic_096.jpg,pic_122.jpg,right
黄皓珺,pic_096.jpg,pic_124.jpg,right
黄皓珺,pic_096.jpg,pic_146.jpg,right
黄皓珺,pic_097.jpg,pic_103.jpg,right
黄皓珺,pic_097.jpg,pic_105.jpg,right
黄皓珺,pic_097.jpg,pic_122.jpg,right
黄皓珺,pic_097.jpg,pic_124.jpg,right
黄皓珺,pic_097.jpg,pic_146.jpg,right
黄皓珺,pic_098.jpg,pic_103.jpg,right
黄皓珺,pic_098.jpg,pic_105.jpg,right
黄皓珺,pic_098.jpg,pic_122.jpg,right
黄皓珺,pic_098.jpg,pic_124.jpg,right
黄皓珺,pic_098.jpg,pic_146.jpg,right
黄皓珺,pic_099.jpg,pic_103.jpg,left
黄皓珺,pic_099.jpg,pic_105.jpg,right
黄皓珺,pic_099.jpg,pic_122.jpg,left
黄皓珺,pic_099.jpg,pic_124.jpg,left
黄皓珺,pic_099.jpg,pic_146.jpg,right
黄皓珺,pic_100.jpg,pic_103.jpg,left
黄皓珺,pic_100.jpg,pic_105.jpg,right
黄皓珺,pic_100.jpg,pic_122.jpg,left
黄皓珺,pic_100.jpg,pic_124.jpg,left
黄皓珺,pic_100.jpg,pic_146.jpg,left
黄皓珺,pic_101.jpg,pic_103.jpg,left
黄皓珺,pic_101.jpg,pic_105.jpg,left
黄皓珺,pic_101.jpg,pic_122.jpg,left
黄皓珺,pic_101.jpg,pic_124.jpg,left
黄皓珺,pic_101.jpg,pic_146.jpg,left
黄皓珺,pic_102.jpg,pic_103.jpg,left
黄皓珺,pic_102.jpg,pic_105.jpg,left
黄皓珺,pic_102.jpg,pic_122.jpg,left
黄皓珺,pic_102.jpg,pic_124.jpg,left
黄皓珺,pic_102.jpg,pic_146.jpg,right
黄皓珺,pic_103.jpg,pic_104.jpg,left
黄皓珺,pic_103.jpg,pic_105.jpg,right
黄皓珺,pic_103.jpg,pic_106.jpg,left
黄皓珺,pic_103.jpg,pic_107.jpg,left
黄皓珺,pic_103.jpg,pic_108.jpg,left
黄皓珺,pic_103.jpg,pic_109.jpg,left
黄皓珺,pic_103.jpg,pic_110.jpg,right
黄皓珺,pic_103.jpg,pic_111.jpg,left
黄皓珺,pic_103.jpg,pic_112.jpg,left
黄皓珺,pic_103.jpg,pic_113.jpg,left
黄皓珺,pic_103.jpg,pic_114.jpg,left
黄皓珺,pic_103.jpg,pic_115.jpg,left
黄皓珺,pic_103.jpg,pic_116.jpg,right
黄皓珺,pic_103.jpg,pic_117.jpg,left
黄皓珺,pic_103.jpg,pic_118.jpg,right
黄皓珺,pic_103.jpg,pic_119.jpg,left
黄皓珺,pic_103.jpg,pic_120.jpg,right
黄皓珺,pic_103.jpg,pic_121.jpg,left
黄皓珺,pic_103.jpg,pic_122.jpg,left
黄皓珺,pic_103.jpg,pic_123.jpg,right
黄皓珺,pic_103.jpg,pic_124.jpg,right
黄皓珺,pic_103.jpg,pic_125.jpg,left
黄皓珺,pic_103.jpg,pic_126.jpg,left
黄皓珺,pic_103.jpg,pic_127.jpg,left
黄皓珺,pic_103.jpg,pic_128.jpg,left
黄皓珺,pic_103.jpg,pic_129.jpg,right
黄皓珺,pic_103.jpg,pic_130.jpg,left
黄皓珺,pic_103.jpg,pic_131.jpg,left
黄皓珺,pic_103.jpg,pic_132.jpg,left
黄皓珺,pic_103.jpg,pic_133.jpg,left
黄皓珺,pic_103.jpg,pic_134.jpg,right
黄皓珺,pic_103.jpg,pic_135.jpg,left
黄皓珺,pic_103.jpg,pic_136.jpg,right
黄皓珺,pic_103.jpg,pic_137.jpg,left
黄皓珺,pic_103.jpg,pic_138.jpg,right
黄皓珺,pic_103.jpg,pic_139.jpg,right
黄皓珺,pic_103.jpg,pic_140.jpg,right
黄皓珺,pic_103.jpg,pic_141.jpg,right
黄皓珺,pic_103.jpg,pic_142.jpg,right
黄皓珺,pic_103.jpg,pic_143.jpg,right
黄皓珺,pic_103.jpg,pic_144.jpg,right
黄皓珺,pic_103.jpg,pic_145.jpg,right
黄皓珺,pic_103.jpg,pic_146.jpg,right
黄皓珺,pic_103.jpg,pic_147.jpg,left
黄皓珺,pic_103.jpg,pic_148.jpg,right
黄皓珺,pic_103.jpg,pic_149.jpg,left
黄皓珺,pic_103.jpg,pic_150.jpg,right
黄皓珺,pic_103.jpg,pic_151.jpg,left
黄皓珺,pic_103.jpg,pic_152.jpg,right
黄皓珺,pic_103.jpg,pic_153.jpg,right
黄皓珺,pic_103.jpg,pic_154.jpg,right
黄皓珺,pic_103.jpg,pic_155.jpg,left
黄皓珺,pic_103.jpg,pic_156.jpg,left
黄皓珺,pic_103.jpg,pic_157.jpg,left
黄皓珺,pic_103.jpg,pic_158.jpg,left
黄皓珺,pic_103.jpg,pic_159.jpg,left
黄皓珺,pic_103.jpg,pic_160.jpg,left
黄皓珺,pic_103.jpg,pic_161.jpg,left
黄皓珺,pic_103.jpg,pic_162.jpg,left
黄皓珺,pic_103.jpg,pic_163.jpg,right
黄皓珺,pic_103.jpg,pic_164.jpg,left
黄皓珺,pic_103.jpg,pic_165.jpg,left
黄皓珺,pic_103.jpg,pic_166.jpg,left
黄皓珺,pic_103.jpg,pic_167.jpg,left
黄皓珺,pic_103.jpg,pic_168.jpg,left
黄皓珺,pic_103.jpg,pic_169.jpg,right
黄皓珺,pic_103.jpg,pic_170.jpg,left
黄皓珺,pic_103.jpg,pic_171.jpg,left
黄皓珺,pic_103.jpg,pic_172.jpg,left
黄皓珺,pic_103.jpg,pic_173.jpg,left
黄皓珺,pic_103.jpg,pic_174.jpg,left
黄皓珺,pic_103.jpg,pic_175.jpg,left
黄皓珺,pic_103.jpg,pic_176.jpg,right
黄皓珺,pic_103.jpg,pic_177.jpg,left
黄皓珺,pic_103.jpg,pic_178.jpg,right
黄皓珺,pic_103.jpg,pic_179.jpg,left
黄皓珺,pic_103.jpg,pic_180.jpg,left
黄皓珺,pic_103.jpg,pic_181.jpg,left
黄皓珺,pic_103.jpg,pic_182.jpg,left
黄皓珺,pic_103.jpg,pic_183.jpg,right
黄皓珺,pic_103.jpg,pic_184.jpg,left
黄皓珺,pic_103.jpg,pic_185.jpg,left
黄皓珺,pic_103.jpg,pic_186.jpg,left
黄皓珺,pic_103.jpg,pic_187.jpg,left
黄皓珺,pic_103.jpg,pic_188.jpg,left
黄皓珺,pic_103.jpg,pic_189.jpg,left
黄皓珺,pic_103.jpg,pic_190.jpg,left
黄皓珺,pic_103.jpg,pic_191.jpg,left
黄皓珺,pic_103.jpg,pic_192.jpg,right
黄皓珺,pic_103.jpg,pic_193.jpg,left
黄皓珺,pic_103.jpg,pic_194.jpg,right
黄皓珺,pic_103.jpg,pic_195.jpg,left
黄皓珺,pic_103.jpg,pic_196.jpg,right
黄皓珺,pic_103.jpg,pic_197.jpg,left
黄皓珺,pic_103.jpg,pic_198.jpg,left
黄皓珺,pic_103.jpg,pic_199.jpg,left
黄皓珺,pic_104.jpg,pic_105.jpg,right
黄皓珺,pic_104.jpg,pic_122.jpg,right
黄皓珺,pic_104.jpg,pic_124.jpg,right
黄皓珺,pic_104.jpg,pic_146.jpg,right
黄皓珺,pic_105.jpg,pic_106.jpg,left
黄皓珺,pic_105.jpg,pic_107.jpg,left
黄皓珺,pic_105.jpg,pic_108.jpg,left
黄皓珺,pic_105.jpg,pic_109.jpg,left
黄皓珺,pic_105.jpg,pic_110.jpg,left
黄皓珺,pic_105.jpg,pic_111.jpg,left
黄皓珺,pic_105.jpg,pic_112.jpg,left
黄皓珺,pic_105.jpg,pic_113.jpg,left
黄皓珺,pic_105.jpg,pic_114.jpg,left
黄皓珺,pic_105.jpg,pic_115.jpg,left
黄皓珺,pic_105.jpg,pic_116.jpg,right
黄皓珺,pic_105.jpg,pic_117.jpg,left
黄皓珺,pic_105.jpg,pic_118.jpg,left
黄皓珺,pic_105.jpg,pic_119.jpg,left
黄皓珺,pic_105.jpg,pic_120.jpg,right
黄皓珺,pic_105.jpg,pic_121.jpg,left
黄皓珺,pic_105.jpg,pic_122.jpg,left
黄皓珺,pic_105.jpg,pic_123.jpg,right
黄皓珺,pic_105.jpg,pic_124.jpg,left
黄皓珺,pic_105.jpg,pic_125.jpg,left
黄皓珺,pic_105.jpg,pic_126.jpg,left
黄皓珺,pic_105.jpg,pic_127.jpg,right
黄皓珺,pic_105.jpg,pic_128.jpg,left
黄皓珺,pic_105.jpg,pic_129.jpg,left
黄皓珺,pic_105.jpg,pic_130.jpg,left
黄皓珺,pic_105.jpg,pic_131.jpg,left
黄皓珺,pic_105.jpg,pic_132.jpg,left
黄皓珺,pic_105.jpg,pic_133.jpg,left
黄皓珺,pic_105.jpg,pic_134.jpg,left
黄皓珺,pic_105.jpg,pic_135.jpg,left
黄皓珺,pic_105.jpg,pic_136.jpg,right
黄皓珺,pic_105.jpg,pic_137.jpg,left
黄皓珺,pic_105.jpg,pic_138.jpg,right
黄皓珺,pic_105.jpg,pic_139.jpg,left
黄皓珺,pic_105.jpg,pic_140.jpg,left
黄皓珺,pic_105.jpg,pic_141.jpg,left
黄皓珺,pic_105.jpg,pic_142.jpg,right
黄皓珺,pic_105.jpg,pic_143.jpg,left
黄皓珺,pic_105.jpg,pic_144.jpg,left
黄皓珺,pic_105.jpg,pic_145.jpg,left
黄皓珺,pic_105.jpg,pic_146.jpg,right
黄皓珺,pic_105.jpg,pic_147.jpg,left
黄皓珺,pic_105.jpg,pic_148.jpg,left
黄皓珺,pic_105.jpg,pic_149.jpg,left
黄皓珺,pic_105.jpg,pic_150.jpg,left
黄皓珺,pic_105.jpg,pic_151.jpg,left
黄皓珺,pic_105.jpg,pic_152.jpg,left
黄皓珺,pic_105.jpg,pic_153.jpg,left
黄皓珺,pic_105.jpg,pic_154.jpg,right
黄皓珺,pic_105.jpg,pic_155.jpg,left
黄皓珺,pic_105.jpg,pic_156.jpg,left
黄皓珺,pic_105.jpg,pic_157.jpg,left
黄皓珺,pic_105.jpg,pic_158.jpg,left
黄皓珺,pic_105.jpg,pic_159.jpg,left
黄皓珺,pic_105.jpg,pic_160.jpg,left
黄皓珺,pic_105.jpg,pic_161.jpg,left
黄皓珺,pic_105.jpg,pic_162.jpg,left
黄皓珺,pic_105.jpg,pic_163.jpg,right
黄皓珺,pic_105.jpg,pic_164.jpg,left
黄皓珺,pic_105.jpg,pic_165.jpg,left
黄皓珺,pic_105.jpg,pic_166.jpg,right
黄皓珺,pic_105.jpg,pic_167.jpg,left
黄皓珺,pic_105.jpg,pic_168.jpg,left
黄皓珺,pic_105.jpg,pic_169.jpg,left
黄皓珺,pic_105.jpg,pic_170.jpg,left
黄皓珺,pic_105.jpg,pic_171.jpg,left
黄皓珺,pic_105.jpg,pic_172.jpg,left
黄皓珺,pic_105.jpg,pic_173.jpg,left
黄皓珺,pic_105.jpg,pic_174.jpg,left
黄皓珺,pic_105.jpg,pic_175.jpg,left
黄皓珺,pic_105.jpg,pic_176.jpg,left
黄皓珺,pic_105.jpg,pic_177.jpg,left
黄皓珺,pic_105.jpg,pic_178.jpg,left
黄皓珺,pic_105.jpg,pic_179.jpg,left
黄皓珺,pic_105.jpg,pic_180.jpg,left
黄皓珺,pic_105.jpg,pic_181.jpg,left
黄皓珺,pic_105.jpg,pic_182.jpg,left
黄皓珺,pic_105.jpg,pic_183.jpg,left
黄皓珺,pic_105.jpg,pic_184.jpg,left
黄皓珺,pic_105.jpg,pic_185.jpg,left
黄皓珺,pic_105.jpg,pic_186.jpg,left
黄皓珺,pic_105.jpg,pic_187.jpg,left
黄皓珺,pic_105.jpg,pic_188.jpg,left
黄皓珺,pic_105.jpg,pic_189.jpg,left
黄皓珺,pic_105.jpg,pic_190.jpg,left
黄皓珺,pic_105.jpg,pic_191.jpg,left
黄皓珺,pic_105.jpg,pic_192.jpg,left
黄皓珺,pic_105.jpg,pic_193.jpg,left
黄皓珺,pic_105.jpg,pic_194.jpg,left
黄皓珺,pic_105.jpg,pic_195.jpg,left
黄皓珺,pic_105.jpg,pic_196.jpg,left
黄皓珺,pic_105.jpg,pic_197.jpg,left
黄皓珺,pic_105.jpg,pic_198.jpg,left
黄皓珺,pic_105.jpg,pic_199.jpg,left
黄皓珺,pic_106.jpg,pic_122.jpg,left
黄皓珺,pic_106.jpg,pic_124.jpg,left
黄皓珺,pic_106.jpg,pic_146.jpg,right
黄皓珺,pic_107.jpg,pic_122.jpg,right
黄皓珺,pic_107.jpg,pic_124.jpg,right
黄皓珺,pic_107.jpg,pic_146.jpg,right
黄皓珺,pic_108.jpg,pic_122.jpg,right
黄皓珺,pic_108.jpg,pic_124.jpg,right
黄皓珺,pic_108.jpg,pic_146.jpg,right
黄皓珺,pic_109.jpg,pic_122.jpg,right
黄皓珺,pic_109.jpg,pic_124.jpg,right
黄皓珺,pic_109.jpg,pic_146.jpg,right
黄皓珺,pic_110.jpg,pic_122.jpg,right
黄皓珺,pic_110.jpg,pic_124.jpg,right
黄皓珺,pic_110.jpg,pic_146.jpg,right
黄皓珺,pic_111.jpg,pic_122.jpg,right
黄皓珺,pic_111.jpg,pic_124.jpg,right
黄皓珺,pic_111.jpg,pic_146.jpg,right
黄皓珺,pic_112.jpg,pic_122.jpg,right
黄皓珺,pic_112.jpg,pic_124.jpg,right
黄皓珺,pic_112.jpg,pic_146.jpg,right
黄皓珺,pic_113.jpg,pic_122.jpg,right
黄皓珺,pic_113.jpg,pic_124.jpg,right
黄皓珺,pic_113.jpg,pic_146.jpg,right
黄皓珺,pic_114.jpg,pic_122.jpg,right
黄皓珺,pic_114.jpg,pic_124.jpg,right
黄皓珺,pic_114.jpg,pic_146.jpg,right
黄皓珺,pic_115.jpg,pic_122.jpg,right
黄皓珺,pic_115.jpg,pic_124.jpg,left
黄皓珺,pic_115.jpg,pic_146.jpg,left
黄皓珺,pic_116.jpg,pic_122.jpg,left
黄皓珺,pic_116.jpg,pic_124.jpg,left
黄皓珺,pic_116.jpg,pic_146.jpg,right
黄皓珺,pic_117.jpg,pic_122.jpg,left
黄皓珺,pic_117.jpg,pic_124.jpg,right
黄皓珺,pic_117.jpg,pic_146.jpg,right
黄皓珺,pic_118.jpg,pic_122.jpg,right
黄皓珺,pic_118.jpg,pic_124.jpg,left
黄皓珺,pic_118.jpg,pic_146.jpg,right
黄皓珺,pic_119.jpg,pic_122.jpg,right
黄皓珺,pic_119.jpg,pic_124.jpg,right
黄皓珺,pic_119.jpg,pic_146.jpg,right
黄皓珺,pic_120.jpg,pic_122.jpg,right
黄皓珺,pic_120.jpg,pic_124.jpg,right
黄皓珺,pic_120.jpg,pic_146.jpg,right
黄皓珺,pic_121.jpg,pic_122.jpg,right
黄皓珺,pic_121.jpg,pic_124.jpg,left
黄皓珺,pic_121.jpg,pic_146.jpg,right
黄皓珺,pic_122.jpg,pic_123.jpg,right
黄皓珺,pic_122.jpg,pic_124.jpg,right
黄皓珺,pic_122.jpg,pic_125.jpg,right
黄皓珺,pic_122.jpg,pic_126.jpg,right
黄皓珺,pic_122.jpg,pic_127.jpg,right
黄皓珺,pic_122.jpg,pic_128.jpg,right
黄皓珺,pic_122.jpg,pic_129.jpg,right
黄皓珺,pic_122.jpg,pic_130.jpg,right
黄皓珺,pic_122.jpg,pic_131.jpg,right
黄皓珺,pic_122.jpg,pic_132.jpg,right
黄皓珺,pic_122.jpg,pic_133.jpg,right
黄皓珺,pic_122.jpg,pic_134.jpg,left
黄皓珺,pic_122.jpg,pic_135.jpg,right
黄皓珺,pic_122.jpg,pic_136.jpg,right
黄皓珺,pic_122.jpg,pic_137.jpg,right
黄皓珺,pic_122.jpg,pic_138.jpg,right
黄皓珺,pic_122.jpg,pic_139.jpg,right
黄皓珺,pic_122.jpg,pic_140.jpg,right
黄皓珺,pic_122.jpg,pic_141.jpg,right
黄皓珺,pic_122.jpg,pic_142.jpg,right
黄皓珺,pic_122.jpg,pic_143.jpg,right
黄皓珺,pic_122.jpg,pic_144.jpg,right
黄皓珺,pic_122.jpg,pic_145.jpg,right
黄皓珺,pic_122.jpg,pic_146.jpg,right
黄皓珺,pic_122.jpg,pic_147.jpg,right
黄皓珺,pic_122.jpg,pic_148.jpg,right
黄皓珺,pic_122.jpg,pic_149.jpg,left
黄皓珺,pic_122.jpg,pic_150.jpg,right
黄皓珺,pic_122.jpg,pic_151.jpg,left
黄皓珺,pic_122.jpg,pic_152.jpg,left
黄皓珺,pic_122.jpg,pic_153.jpg,left
黄皓珺,pic_122.jpg,pic_154.jpg,right
黄皓珺,pic_122.jpg,pic_155.jpg,left
黄皓珺,pic_122.jpg,pic_156.jpg,left
黄皓珺,pic_122.jpg,pic_157.jpg,left
黄皓珺,pic_122.jpg,pic_158.jpg,right
黄皓珺,pic_122.jpg,pic_159.jpg,right
黄皓珺,pic_122.jpg,pic_160.jpg,left
黄皓珺,pic_122.jpg,pic_161.jpg,right
黄皓珺,pic_122.jpg,pic_162.jpg,right
黄皓珺,pic_122.jpg,pic_163.jpg,left
黄皓珺,pic_122.jpg,pic_164.jpg,right
黄皓珺,pic_122.jpg,pic_165.jpg,left
黄皓珺,pic_122.jpg,pic_166.jpg,right
黄皓珺,pic_122.jpg,pic_167.jpg,right
黄皓珺,pic_122.jpg,pic_168.jpg,left
黄皓珺,pic_122.jpg,pic_169.jpg,left
黄皓珺,pic_122.jpg,pic_170.jpg,right
黄皓珺,pic_122.jpg,pic_171.jpg,left
黄皓珺,pic_122.jpg,pic_172.jpg,right
黄皓珺,pic_122.jpg,pic_173.jpg,left
黄皓珺,pic_122.jpg,pic_174.jpg,left
黄皓珺,pic_122.jpg,pic_175.jpg,left
黄皓珺,pic_122.jpg,pic_176.jpg,right
黄皓珺,pic_122.jpg,pic_177.jpg,right
黄皓珺,pic_122.jpg,pic_178.jpg,right
黄皓珺,pic_122.jpg,pic_179.jpg,right
黄皓珺,pic_122.jpg,pic_180.jpg,right
黄皓珺,pic_122.jpg,pic_181.jpg,right
黄皓珺,pic_122.jpg,pic_182.jpg,right
黄皓珺,pic_122.jpg,pic_183.jpg,right
黄皓珺,pic_122.jpg,pic_184.jpg,left
黄皓珺,pic_122.jpg,pic_185.jpg,left
黄皓珺,pic_122.jpg,pic_186.jpg,right
黄皓珺,pic_122.jpg,pic_187.jpg,right
黄皓珺,pic_122.jpg,pic_188.jpg,left
黄皓珺,pic_122.jpg,pic_189.jpg,right
黄皓珺,pic_122.jpg,pic_190.jpg,right
黄皓珺,pic_122.jpg,pic_191.jpg,right
黄皓珺,pic_122.jpg,pic_192.jpg,right
黄皓珺,pic_122.jpg,pic_193.jpg,right
黄皓珺,pic_122.jpg,pic_194.jpg,right
黄皓珺,pic_122.jpg,pic_195.jpg,right
黄皓珺,pic_122.jpg,pic_196.jpg,left
黄皓珺,pic_122.jpg,pic_197.jpg,right
黄皓珺,pic_122.jpg,pic_198.jpg,right
黄皓珺,pic_122.jpg,pic_199.jpg,right
黄皓珺,pic_123.jpg,pic_124.jpg,left
黄皓珺,pic_123.jpg,pic_146.jpg,right
黄皓珺,pic_124.jpg,pic_125.jpg,left
黄皓珺,pic_124.jpg,pic_126.jpg,right
黄皓珺,pic_124.jpg,pic_127.jpg,right
黄皓珺,pic_124.jpg,pic_128.jpg,left
黄皓珺,pic_124.jpg,pic_129.jpg,right
黄皓珺,pic_124.jpg,pic_130.jpg,right
黄皓珺,pic_124.jpg,pic_131.jpg,left
黄皓珺,pic_124.jpg,pic_132.jpg,right
黄皓珺,pic_124.jpg,pic_133.jpg,left
黄皓珺,pic_124.jpg,pic_134.jpg,right
黄皓珺,pic_124.jpg,pic_135.jpg,left
黄皓珺,pic_124.jpg,pic_136.jpg,right
黄皓珺,pic_124.jpg,pic_137.jpg,left
黄皓珺,pic_124.jpg,pic_138.jpg,right
黄皓珺,pic_124.jpg,pic_139.jpg,right
黄皓珺,pic_124.jpg,pic_140.jpg,right
黄皓珺,pic_124.jpg,pic_141.jpg,right
黄皓珺,pic_124.jpg,pic_142.jpg,right
黄皓珺,pic_124.jpg,pic_143.jpg,right
黄皓珺,pic_124.jpg,pic_144.jpg,right
黄皓珺,pic_124.jpg,pic_145.jpg,right
黄皓珺,pic_124.jpg,pic_146.jpg,right
黄皓珺,pic_124.jpg,pic_147.jpg,left
黄皓珺,pic_124.jpg,pic_148.jpg,right
黄皓珺,pic_124.jpg,pic_149.jpg,left
黄皓珺,pic_124.jpg,pic_150.jpg,right
黄皓珺,pic_124.jpg,pic_151.jpg,right
黄皓珺,pic_124.jpg,pic_152.jpg,right
黄皓珺,pic_124.jpg,pic_153.jpg,right
黄皓珺,pic_124.jpg,pic_154.jpg,right
黄皓珺,pic_124.jpg,pic_155.jpg,left
黄皓珺,pic_124.jpg,pic_156.jpg,left
黄皓珺,pic_124.jpg,pic_157.jpg,left
黄皓珺,pic_124.jpg,pic_158.jpg,right
黄皓珺,pic_124.jpg,pic_159.jpg,left
黄皓珺,pic_124.jpg,pic_160.jpg,left
黄皓珺,pic_124.jpg,pic_161.jpg,right
黄皓珺,pic_124.jpg,pic_162.jpg,left
黄皓珺,pic_124.jpg,pic_163.jpg,right
黄皓珺,pic_124.jpg,pic_164.jpg,right
黄皓珺,pic_124.jpg,pic_165.jpg,right
黄皓珺,pic_124.jpg,pic_166.jpg,right
黄皓珺,pic_124.jpg,pic_167.jpg,right
黄皓珺,pic_124.jpg,pic_168.jpg,right
黄皓珺,pic_124.jpg,pic_169.jpg,right
黄皓珺,pic_124.jpg,pic_170.jpg,right
黄皓珺,pic_124.jpg,pic_171.jpg,left
黄皓珺,pic_124.jpg,pic_172.jpg,right
黄皓珺,pic_124.jpg,pic_173.jpg,left
黄皓珺,pic_124.jpg,pic_174.jpg,left
黄皓珺,pic_124.jpg,pic_175.jpg,left
黄皓珺,pic_124.jpg,pic_176.jpg,right
黄皓珺,pic_124.jpg,pic_177.jpg,right
黄皓珺,pic_124.jpg,pic_178.jpg,right
黄皓珺,pic_124.jpg,pic_179.jpg,right
黄皓珺,pic_124.jpg,pic_180.jpg,right
黄皓珺,pic_124.jpg,pic_181.jpg,left
黄皓珺,pic_124.jpg,pic_182.jpg,right
黄皓珺,pic_124.jpg,pic_183.jpg,right
黄皓珺,pic_124.jpg,pic_184.jpg,left
黄皓珺,pic_124.jpg,pic_185.jpg,left
黄皓珺,pic_124.jpg,pic_186.jpg,right
黄皓珺,pic_124.jpg,pic_187.jpg,right
黄皓珺,pic_124.jpg,pic_188.jpg,left
黄皓珺,pic_124.jpg,pic_189.jpg,right
黄皓珺,pic_124.jpg,pic_190.jpg,right
黄皓珺,pic_124.jpg,pic_191.jpg,left
黄皓珺,pic_124.jpg,pic_192.jpg,right
黄皓珺,pic_124.jpg,pic_193.jpg,right
黄皓珺,pic_124.jpg,pic_194.jpg,right
黄皓珺,pic_124.jpg,pic_195.jpg,right
黄皓珺,pic_124.jpg,pic_196.jpg,left
黄皓珺,pic_124.jpg,pic_197.jpg,left
黄皓珺,pic_124.jpg,pic_198.jpg,right
黄皓珺,pic_124.jpg,pic_199.jpg,right
黄皓珺,pic_125.jpg,pic_146.jpg,right
黄皓珺,pic_126.jpg,pic_146.jpg,right
黄皓珺,pic_127.jpg,pic_146.jpg,right
黄皓珺,pic_128.jpg,pic_146.jpg,right
黄皓珺,pic_129.jpg,pic_146.jpg,right
黄皓珺,pic_130.jpg,pic_146.jpg,right
黄皓珺,pic_131.jpg,pic_146.jpg,right
黄皓珺,pic_132.jpg,pic_146.jpg,right
黄皓珺,pic_133.jpg,pic_146.jpg,right
黄皓珺,pic_134.jpg,pic_146.jpg,right
黄皓珺,pic_135.jpg,pic_146.jpg,right
黄皓珺,pic_136.jpg,pic_146.jpg,right
黄皓珺,pic_137.jpg,pic_146.jpg,right
黄皓珺,pic_138.jpg,pic_146.jpg,right
黄皓珺,pic_139.jpg,pic_146.jpg,right
黄皓珺,pic_140.jpg,pic_146.jpg,right
黄皓珺,pic_141.jpg,pic_146.jpg,right
黄皓珺,pic_142.jpg,pic_146.jpg,right
黄皓珺,pic_143.jpg,pic_146.jpg,right
黄皓珺,pic_144.jpg,pic_146.jpg,right
黄皓珺,pic_145.jpg,pic_146.jpg,left
黄皓珺,pic_146.jpg,pic_147.jpg,left
黄皓珺,pic_146.jpg,pic_148.jpg,left
黄皓珺,pic_146.jpg,pic_149.jpg,left
黄皓珺,pic_146.jpg,pic_150.jpg,left
黄皓珺,pic_146.jpg,pic_151.jpg,left
黄皓珺,pic_146.jpg,pic_152.jpg,left
黄皓珺,pic_146.jpg,pic_153.jpg,left
黄皓珺,pic_146.jpg,pic_154.jpg,right
黄皓珺,pic_146.jpg,pic_155.jpg,left
黄皓珺,pic_146.jpg,pic_156.jpg,left
黄皓珺,pic_146.jpg,pic_157.jpg,left
黄皓珺,pic_146.jpg,pic_158.jpg,left
黄皓珺,pic_146.jpg,pic_159.jpg,left
黄皓珺,pic_146.jpg,pic_160.jpg,left
黄皓珺,pic_146.jpg,pic_161.jpg,left
黄皓珺,pic_146.jpg,pic_162.jpg,left
黄皓珺,pic_146.jpg,pic_163.jpg,left
黄皓珺,pic_146.jpg,pic_164.jpg,left
黄皓珺,pic_146.jpg,pic_165.jpg,left
黄皓珺,pic_146.jpg,pic_166.jpg,left
黄皓珺,pic_146.jpg,pic_167.jpg,left
黄皓珺,pic_146.jpg,pic_168.jpg,left
黄皓珺,pic_146.jpg,pic_169.jpg,left
黄皓珺,pic_146.jpg,pic_170.jpg,left
黄皓珺,pic_146.jpg,pic_171.jpg,left
黄皓珺,pic_146.jpg,pic_172.jpg,left
黄皓珺,pic_146.jpg,pic_173.jpg,left
黄皓珺,pic_146.jpg,pic_174.jpg,left
黄皓珺,pic_146.jpg,pic_175.jpg,left
黄皓珺,pic_146.jpg,pic_176.jpg,left
黄皓珺,pic_146.jpg,pic_177.jpg,right
黄皓珺,pic_146.jpg,pic_178.jpg,left
黄皓珺,pic_146.jpg,pic_179.jpg,left
黄皓珺,pic_146.jpg,pic_180.jpg,left
黄皓珺,pic_146.jpg,pic_181.jpg,left
黄皓珺,pic_146.jpg,pic_182.jpg,right
黄皓珺,pic_146.jpg,pic_183.jpg,left
黄皓珺,pic_146.jpg,pic_184.jpg,left
黄皓珺,pic_146.jpg,pic_185.jpg,left
黄皓珺,pic_146.jpg,pic_186.jpg,left
黄皓珺,pic_146.jpg,pic_187.jpg,left
黄皓珺,pic_146.jpg,pic_188.jpg,left
黄皓珺,pic_146.jpg,pic_189.jpg,left
黄皓珺,pic_146.jpg,pic_190.jpg,left
黄皓珺,pic_146.jpg,pic_191.jpg,left
黄皓珺,pic_146.jpg,pic_192.jpg,left
黄皓珺,pic_146.jpg,pic_193.jpg,left
黄皓珺,pic_146.jpg,pic_194.jpg,left
黄皓珺,pic_146.jpg,pic_195.jpg,left
黄皓珺,pic_146.jpg,pic_196.jpg,left
黄皓珺,pic_146.jpg,pic_197.jpg,left
黄皓珺,pic_146.jpg,pic_198.jpg,left
黄皓珺,pic_146.jpg,pic_199.jpg,left
黄皓珺,pic_146.jpg,pic_199.jpg,left