pic_id,community_id,source
pic_000.jpg,429680,429680_00.jpg
pic_001.jpg,478944,478944_00.jpg
pic_002.jpg,1026627,1026627_00.jpg
pic_003.jpg,245216,245216_00.jpg
pic_004.jpg,873648,873648_00.jpg
pic_005.jpg,214149,214149_00.jpg
pic_006.jpg,213365,213365_00.jpg
pic_007.jpg,212914,212914_00.jpg
pic_008.jpg,301126,301126_00.jpg
pic_009.jpg,846874,846874_01.jpg
pic_010.jpg,786117,786117_00.jpg
pic_011.jpg,238876,238876_00.jpg
pic_012.jpg,996675,996675_00.jpg
pic_013.jpg,242536,242536_00.jpg
pic_014.jpg,302715,302715_00.jpg
pic_015.jpg,1044995,1044995_00.jpg
pic_016.jpg,303612,303612_01.jpg
pic_017.jpg,846476,846476_00.jpg
pic_018.jpg,212816,212816_00.jpg
pic_019.jpg,540931,540931_00.jpg
pic_020.jpg,454009,454009_00.jpg
pic_021.jpg,213538,213538_00.jpg
pic_022.jpg,1299215,1299215_00.jpg
pic_023.jpg,212741,212741_00.jpg
pic_024.jpg,302522,302522_00.jpg
pic_025.jpg,659995,659995_00.jpg
pic_026.jpg,1420223,1420223_01.jpg
pic_027.jpg,213219,213219_00.jpg
pic_028.jpg,846478,846478_00.jpg
pic_029.jpg,782164,782164_01.jpg
pic_030.jpg,246188,246188_00.jpg
pic_031.jpg,302745,302745_00.jpg
pic_032.jpg,1502185,1502185_00.jpg
pic_033.jpg,1493369,1493369_00.jpg
pic_034.jpg,230927,230927_00.jpg
pic_035.jpg,846054,846054_00.jpg
pic_036.jpg,846650,846650_01.jpg
pic_037.jpg,1421431,1421431_01.jpg
pic_038.jpg,222228,222228_01.jpg
pic_039.jpg,1404182,1404182_00.jpg
pic_040.jpg,250204,250204_00.jpg
pic_041.jpg,213636,213636_01.jpg
pic_042.jpg,301648,301648_01.jpg
pic_043.jpg,233978,233978_01.jpg
pic_044.jpg,212983,212983_01.jpg
pic_045.jpg,221170,221170_00.jpg
pic_046.jpg,1049989,1049989_00.jpg
pic_047.jpg,847560,847560_00.jpg
pic_048.jpg,1236606,1236606_00.jpg
pic_049.jpg,1298646,1298646_00.jpg
pic_050.jpg,846700,846700_01.jpg
pic_051.jpg,989040,989040_00.jpg
pic_052.jpg,846482,846482_00.jpg
pic_053.jpg,561610,561610_00.jpg
pic_054.jpg,846034,846034_00.jpg
pic_055.jpg,847006,847006_00.jpg
pic_056.jpg,1495580,1495580_01.jpg
pic_057.jpg,1004673,1004673_00.jpg
pic_058.jpg,794028,794028_00.jpg
pic_059.jpg,730415,730415_00.jpg
pic_060.jpg,213088,213088_00.jpg
pic_061.jpg,1265299,1265299_00.jpg
pic_062.jpg,1237736,1237736_00.jpg
pic_063.jpg,501828,501828_01.jpg
pic_064.jpg,847377,847377_01.jpg
pic_065.jpg,989056,989056_01.jpg
pic_066.jpg,212637,212637_00.jpg
pic_067.jpg,220229,220229_00.jpg
pic_068.jpg,846316,846316_00.jpg
pic_069.jpg,1266887,1266887_00.jpg
pic_070.jpg,996684,996684_00.jpg
pic_071.jpg,1470173,1470173_01.jpg
pic_072.jpg,214022,214022_01.jpg
pic_073.jpg,1266888,1266888_00.jpg
pic_074.jpg,1468748,1468748_00.jpg
pic_075.jpg,1392779,1392779_00.jpg
pic_076.jpg,540896,540896_00.jpg
pic_077.jpg,1500275,1500275_00.jpg
pic_078.jpg,1386385,1386385_00.jpg
pic_079.jpg,846239,846239_00.jpg
pic_080.jpg,1187428,1187428_00.jpg
pic_081.jpg,914477,914477_01.jpg
pic_082.jpg,1493355,1493355_00.jpg
pic_083.jpg,846991,846991_01.jpg
pic_084.jpg,924488,924488_00.jpg
pic_085.jpg,1002425,1002425_00.jpg
pic_086.jpg,213492,213492_00.jpg
pic_087.jpg,1478947,1478947_00.jpg
pic_088.jpg,1172037,1172037_00.jpg
pic_089.jpg,940416,940416_00.jpg
pic_090.jpg,1476238,1476238_00.jpg
pic_091.jpg,1266973,1266973_01.jpg
pic_092.jpg,236970,236970_00.jpg
pic_093.jpg,1214579,1214579_00.jpg
pic_094.jpg,846052,846052_00.jpg
pic_095.jpg,317418,317418_00.jpg
pic_096.jpg,213427,213427_00.jpg
pic_097.jpg,847043,847043_00.jpg
pic_098.jpg,579203,579203_01.jpg
pic_099.jpg,846593,846593_01.jpg
pic_100.jpg,213261,213261_00.jpg
pic_101.jpg,988183,988183_00.jpg
pic_102.jpg,1004160,1004160_00.jpg
pic_103.jpg,846590,846590_00.jpg
pic_104.jpg,914475,914475_00.jpg
pic_105.jpg,231896,231896_01.jpg
pic_106.jpg,1245642,1245642_00.jpg
pic_107.jpg,1287844,1287844_00.jpg
pic_108.jpg,540899,540899_00.jpg
pic_109.jpg,1493368,1493368_00.jpg
pic_110.jpg,261513,261513_00.jpg
pic_111.jpg,302160,302160_01.jpg
pic_112.jpg,213314,213314_00.jpg
pic_113.jpg,1266873,1266873_01.jpg
pic_114.jpg,847654,847654_00.jpg
pic_115.jpg,1000708,1000708_00.jpg
pic_116.jpg,846595,846595_00.jpg
pic_117.jpg,1000737,1000737_01.jpg
pic_118.jpg,214152,214152_00.jpg
pic_119.jpg,1502180,1502180_00.jpg
pic_120.jpg,1438592,1438592_00.jpg
pic_121.jpg,1470094,1470094_00.jpg
pic_122.jpg,1499736,1499736_00.jpg
pic_123.jpg,1491392,1491392_00.jpg
pic_124.jpg,1313014,1313014_00.jpg
pic_125.jpg,1300646,1300646_00.jpg
pic_126.jpg,1474002,1474002_00.jpg
pic_127.jpg,1377558,1377558_00.jpg
pic_128.jpg,1175655,1175655_00.jpg
pic_129.jpg,880116,880116_00.jpg
pic_130.jpg,1478509,1478509_00.jpg
pic_131.jpg,1317958,1317958_00.jpg
pic_132.jpg,1503855,1503855_00.jpg
pic_133.jpg,1236421,1236421_00.jpg
pic_134.jpg,1297445,1297445_00.jpg
pic_135.jpg,1445744,1445744_00.jpg
pic_136.jpg,1240748,1240748_00.jpg
pic_137.jpg,1480753,1480753_00.jpg
pic_138.jpg,1294036,1294036_00.jpg
pic_139.jpg,1502810,1502810_00.jpg
pic_140.jpg,1478245,1478245_00.jpg
pic_141.jpg,1441738,1441738_00.jpg
pic_142.jpg,785821,785821_00.jpg
pic_143.jpg,1243297,1243297_00.jpg
pic_144.jpg,1506324,1506324_00.jpg
pic_145.jpg,1495601,1495601_00.jpg
pic_146.jpg,1385510,1385510_00.jpg
pic_147.jpg,1262186,1262186_00.jpg
pic_148.jpg,1368423,1368423_00.jpg
pic_149.jpg,1365803,1365803_00.jpg
pic_150.jpg,1015458,1015458_00.jpg
pic_151.jpg,1469239,1469239_00.jpg
pic_152.jpg,658217,658217_00.jpg
pic_153.jpg,477695,477695_00.jpg
pic_154.jpg,1438608,1438608_00.jpg
pic_155.jpg,1286636,1286636_00.jpg
pic_156.jpg,1293580,1293580_00.jpg
pic_157.jpg,1305176,1305176_00.jpg
pic_158.jpg,1473791,1473791_00.jpg
pic_159.jpg,1240755,1240755_00.jpg
pic_160.jpg,1039493,1039493_00.jpg
pic_161.jpg,537343,537343_00.jpg
pic_162.jpg,339238,339238_00.jpg
pic_163.jpg,540612,540612_00.jpg
pic_164.jpg,213900,213900_00.jpg
pic_165.jpg,847506,847506_00.jpg
pic_166.jpg,1466483,1466483_00.jpg
pic_167.jpg,1498158,1498158_00.jpg
pic_168.jpg,540894,540894_00.jpg
pic_169.jpg,1266334,1266334_01.jpg
pic_170.jpg,1187422,1187422_00.jpg
pic_171.jpg,1162737,1162737_00.jpg
pic_172.jpg,880168,880168_00.jpg
pic_173.jpg,540626,540626_00.jpg
pic_174.jpg,1236549,1236549_00.jpg
pic_175.jpg,1107966,1107966_00.jpg
pic_176.jpg,846603,846603_01.jpg
pic_177.jpg,989044,989044_00.jpg
pic_178.jpg,213109,213109_00.jpg
pic_179.jpg,1501510,1501510_00.jpg
pic_180.jpg,846028,846028_00.jpg
pic_181.jpg,1235528,1235528_00.jpg
pic_182.jpg,1406218,1406218_00.jpg
pic_183.jpg,213550,213550_01.jpg
pic_184.jpg,944915,944915_00.jpg
pic_185.jpg,880096,880096_00.jpg
pic_186.jpg,846750,846750_00.jpg
pic_187.jpg,1072857,1072857_00.jpg
pic_188.jpg,1004161,1004161_00.jpg
pic_189.jpg,540666,540666_00.jpg
pic_190.jpg,846269,846269_00.jpg
pic_191.jpg,1376411,1376411_00.jpg
pic_192.jpg,1236340,1236340_00.jpg
pic_193.jpg,988181,988181_01.jpg
pic_194.jpg,762202,762202_00.jpg
pic_195.jpg,1236601,1236601_00.jpg
pic_196.jpg,1445322,1445322_00.jpg
pic_197.jpg,219693,219693_00.jpg
pic_198.jpg,302602,302602_01.jpg
pic_199.jpg,397338,397338_00.jpg
